Employee_ID,Name,Department,Education,City,Remote_Work,Age,Experience,Projects,Performance,Salary
1001,Employee_1,Web,Bachelor,Hyderabad,Yes,58.0,30,15,100.0,180000.0
1002,Employee_2,Data,Bachelor,Delhi,No,23.0,0,4,62.0,69700.0
1003,Employee_3,AI,Bachelor,Bengaluru,Yes,44.0,15,11,98.0,176800.0
1004,Employee_4,AI,Bachelor,Hyderabad,No,41.0,14,12,91.0,168800.0
1005,Employee_5,Cloud,Master,Delhi,Yes,30.0,5,4,67.0,105500.0
1006,Employee_6,AI,Master,Mumbai,No,41.0,11,8,84.0,137600.0
1007,Employee_7,Software,Bachelor,Chennai,No,47.0,16,12,100.0,180000.0
1008,Employee_8,Software,Master,Mumbai,No,31.0,0,0,45.0,70400.0
1009,Employee_9,Data,Bachelor,Pune,Yes,43.0,12,12,79.0,160000.0
1010,Employee_10,Data,PhD,Delhi,Yes,26.0,0,0,66.0,61400.0
1011,Employee_11,Data,Bachelor,Chennai,Yes,58.0,30,15,100.0,180000.0
1012,Employee_12,,Bachelor,Chennai,Yes,21.0,0,4,60.0,61700.0
1013,Employee_13,Data,Master,Mumbai,No,37.0,16,13,,180000.0
1014,Employee_14,Data,Master,Chennai,No,36.0,12,9,88.0,153200.0
1015,Employee_15,AI,Master,Chennai,No,23.0,0,0,68.0,71400.0
1016,Employee_16,AI,Bachelor,Chennai,Yes,36.0,13,12,100.0,176200.0
1017,Employee_17,Web,Master,Delhi,Yes,45.0,19,13,100.0,180000.0
1018,Employee_18,Web,Master,Pune,No,21.0,0,2,68.0,74500.0
1019,Employee_19,Cloud,Bachelor,Hyderabad,No,21.0,0,0,65.0,72400.0
1020,Employee_20,Cloud,Bachelor,Pune,No,30.0,5,7,60.0,113400.0
1021,Employee_21,Software,Master,Hyderabad,No,26.0,2,2,59.0,90300.0
1022,Employee_22,AI,Bachelor,Mumbai,Yes,52.0,21,15,100.0,180000.0
1023,Employee_23,Cloud,Bachelor,Mumbai,No,25.0,0,2,72.0,78700.0
1024,Employee_24,Web,Master,Chennai,No,45.0,19,12,98.0,180000.0
1025,Employee_25,Software,Master,Delhi,No,53.0,22,15,100.0,180000.0
1026,Employee_26,Data,Master,Mumbai,No,60.0,30,15,100.0,180000.0
1027,Employee_27,Software,Bachelor,Chennai,No,25.0,1,3,51.0,66100.0
1028,Employee_28,AI,Bachelor,Bengaluru,Yes,55.0,24,15,100.0,180000.0
1029,Employee_29,AI,Master,Mumbai,No,60.0,30,15,100.0,180000.0
1030,Employee_30,Data,Bachelor,Delhi,No,46.0,24,15,100.0,180000.0
1031,Employee_31,Data,Bachelor,Hyderabad,Yes,35.0,13,10,90.0,155900.0
1032,Employee_32,Data,Bachelor,Chennai,Yes,28.0,0,0,64.0,68500.0
1033,Employee_33,Data,Master,Mumbai,Yes,24.0,0,1,67.0,75400.0
1034,Employee_34,Cloud,Bachelor,Chennai,Yes,54.0,28,15,100.0,180000.0
1035,Employee_35,Data,Bachelor,Bengaluru,Yes,51.0,24,15,100.0,180000.0
1036,Employee_36,Data,Master,Pune,No,37.0,16,15,91.0,180000.0
1037,Employee_37,Software,Bachelor,Delhi,Yes,40.0,11,9,94.0,156900.0
1038,Employee_38,Cloud,Master,Chennai,No,22.0,0,2,56.0,67100.0
1039,Employee_39,AI,Master,Bengaluru,No,38.0,9,8,91.0,139800.0
1040,Employee_40,Data,PhD,Hyderabad,Yes,59.0,30,15,100.0,180000.0
1041,Employee_41,AI,Master,Bengaluru,No,39.0,15,13,89.0,180000.0
1042,Employee_42,Cloud,Master,Bengaluru,No,58.0,30,15,100.0,180000.0
1043,Employee_43,Web,Master,Bengaluru,Yes,36.0,13,11,97.0,172300.0
1044,Employee_44,Software,Bachelor,Delhi,No,33.0,2,1,65.0,85100.0
1045,Employee_45,AI,Master,Bengaluru,Yes,50.0,27,15,100.0,180000.0
1046,Employee_46,Data,Bachelor,Delhi,Yes,40.0,19,15,100.0,180000.0
1047,Employee_47,AI,PhD,Bengaluru,Yes,36.0,7,5,88.0,127400.0
1048,Employee_48,AI,Bachelor,Bengaluru,No,31.0,9,11,77.0,140400.0
1049,Employee_49,Software,Master,Delhi,Yes,46.0,17,13,100.0,180000.0
1050,Employee_50,Web,Master,Chennai,No,51.0,24,15,100.0,180000.0
1051,Employee_51,Software,Master,Chennai,Yes,50.0,19,15,100.0,180000.0
1052,Employee_52,,Bachelor,Hyderabad,No,59.0,30,15,100.0,180000.0
1053,Employee_53,Web,Bachelor,Bengaluru,Yes,31.0,9,8,79.0,116700.0
1054,Employee_54,Web,Bachelor,Mumbai,No,45.0,24,15,100.0,180000.0
1055,Employee_55,Web,Master,Pune,Yes,21.0,0,1,66.0,60700.0
1056,Employee_56,Web,PhD,Delhi,No,45.0,15,11,88.0,180000.0
1057,Employee_57,Data,PhD,Hyderabad,Yes,41.0,13,11,90.0,174900.0
1058,Employee_58,Web,Bachelor,Bengaluru,Yes,30.0,6,7,77.0,127200.0
1059,Employee_59,AI,PhD,Bengaluru,No,27.0,0,0,58.0,60200.0
1060,Employee_60,Data,Bachelor,Chennai,Yes,31.0,0,5,60.0,71800.0
1061,Employee_61,Web,PhD,Bengaluru,No,60.0,30,15,100.0,180000.0
1062,Employee_62,Data,Bachelor,Mumbai,No,36.0,14,10,,164400.0
1063,Employee_63,AI,Bachelor,Bengaluru,No,38.0,7,6,74.0,111200.0
1064,Employee_64,Data,Master,Pune,Yes,43.0,13,11,93.0,166900.0
1065,Employee_65,Data,Bachelor,Hyderabad,Yes,60.0,30,15,100.0,180000.0
1066,Employee_66,Cloud,Master,Bengaluru,Yes,50.0,26,15,100.0,180000.0
1067,Employee_67,Web,Master,Chennai,Yes,43.0,22,15,100.0,180000.0
1068,Employee_68,Data,Master,Bengaluru,Yes,22.0,0,0,71.0,65600.0
1069,Employee_69,Web,Bachelor,Delhi,Yes,40.0,18,13,92.0,180000.0
1070,Employee_70,Web,Master,Mumbai,Yes,43.0,16,14,100.0,180000.0
1071,Employee_71,Cloud,Master,Chennai,Yes,24.0,0,4,69.0,71000.0
1072,Employee_72,Software,Bachelor,Mumbai,Yes,59.0,30,15,100.0,180000.0
1073,Employee_73,AI,PhD,Pune,Yes,47.0,26,15,100.0,180000.0
1074,Employee_74,AI,Master,Mumbai,Yes,29.0,1,5,61.0,95600.0
1075,Employee_75,Cloud,PhD,Chennai,Yes,22.0,0,1,61.0,70000.0
1076,Employee_76,AI,Bachelor,Chennai,Yes,37.0,12,8,99.0,153900.0
1077,Employee_77,Web,PhD,Chennai,Yes,23.0,0,5,68.0,84200.0
1078,Employee_78,Data,Bachelor,Mumbai,Yes,22.0,0,2,65.0,65000.0
1079,Employee_79,,Master,Bengaluru,Yes,48.0,24,15,100.0,180000.0
1080,Employee_80,Web,Bachelor,Delhi,Yes,52.0,30,15,100.0,180000.0
1081,Employee_81,AI,Bachelor,Bengaluru,No,51.0,22,15,100.0,180000.0
1082,Employee_82,AI,Bachelor,Mumbai,No,27.0,4,5,65.0,118600.0
1083,Employee_83,Cloud,Bachelor,Bengaluru,Yes,21.0,0,1,61.0,69200.0
1084,Employee_84,Cloud,Bachelor,Pune,Yes,47.0,16,15,100.0,180000.0
1085,Employee_85,Web,Bachelor,Bengaluru,No,29.0,8,10,74.0,130500.0
1086,Employee_86,Web,Bachelor,Bengaluru,Yes,30.0,8,5,65.0,119100.0
1087,Employee_87,Software,Master,Pune,Yes,39.0,14,12,96.0,177700.0
1088,Employee_88,Software,Master,Hyderabad,No,58.0,30,15,100.0,180000.0
1089,Employee_89,AI,Bachelor,Chennai,No,53.0,25,15,100.0,180000.0
1090,Employee_90,Software,Bachelor,Hyderabad,No,55.0,26,15,100.0,180000.0
1091,Employee_91,Software,PhD,Hyderabad,Yes,49.0,23,13,100.0,180000.0
1092,Employee_92,,Bachelor,Mumbai,Yes,42.0,15,10,97.0,180000.0
1093,Employee_93,AI,Bachelor,Chennai,No,49.0,22,15,100.0,180000.0
1094,Employee_94,AI,Bachelor,Bengaluru,No,46.0,19,15,95.0,180000.0
1095,Employee_95,Software,Master,Pune,No,60.0,30,15,100.0,180000.0
1096,Employee_96,,Master,Delhi,Yes,54.0,30,15,100.0,180000.0
1097,Employee_97,Cloud,Bachelor,Hyderabad,Yes,37.0,6,7,79.0,106600.0
1098,Employee_98,Software,Master,Pune,Yes,28.0,4,5,85.0,109400.0
1099,Employee_99,Software,Master,Hyderabad,No,47.0,19,13,99.0,180000.0
1100,Employee_100,Data,Bachelor,Bengaluru,No,28.0,0,0,65.0,57700.0
1101,Employee_101,AI,PhD,Chennai,Yes,53.0,24,15,100.0,180000.0
1102,Employee_102,Cloud,Bachelor,Hyderabad,Yes,22.0,0,1,56.0,62300.0
1103,Employee_103,Software,Bachelor,Pune,Yes,49.0,23,15,100.0,180000.0
1104,Employee_104,Web,Bachelor,Mumbai,No,41.0,16,11,100.0,180000.0
1105,Employee_105,Cloud,Master,Mumbai,Yes,24.0,0,0,,65400.0
1106,Employee_106,Data,,Bengaluru,Yes,39.0,9,8,93.0,146800.0
1107,Employee_107,AI,Master,Bengaluru,Yes,35.0,8,8,68.0,144100.0
1108,Employee_108,Data,Bachelor,Mumbai,Yes,29.0,7,7,88.0,134500.0
1109,Employee_109,AI,Master,Hyderabad,No,24.0,0,3,59.0,64100.0
1110,Employee_110,Data,Master,Bengaluru,No,57.0,30,15,100.0,180000.0
1111,Employee_111,Cloud,Master,Bengaluru,Yes,44.0,18,14,95.0,180000.0
1112,Employee_112,Software,Bachelor,Pune,Yes,59.0,30,15,100.0,180000.0
1113,Employee_113,Software,Bachelor,Pune,Yes,22.0,0,0,65.0,66400.0
1114,Employee_114,Software,,Hyderabad,No,60.0,29,15,100.0,180000.0
1115,Employee_115,AI,Bachelor,Chennai,Yes,31.0,1,5,52.0,77200.0
1116,Employee_116,Data,Bachelor,Chennai,Yes,55.0,24,15,,180000.0
1117,Employee_117,AI,Bachelor,Chennai,No,51.0,26,15,100.0,180000.0
1118,Employee_118,Data,Master,Chennai,No,39.0,11,10,90.0,156400.0
1119,Employee_119,Data,Bachelor,Mumbai,Yes,43.0,19,15,86.0,180000.0
1120,Employee_120,Software,Bachelor,Pune,No,33.0,12,8,85.0,153200.0
1121,Employee_121,Software,Bachelor,Chennai,Yes,54.0,30,15,100.0,180000.0
1122,Employee_122,Web,Bachelor,Delhi,No,40.0,16,15,100.0,180000.0
1123,Employee_123,Software,Bachelor,Delhi,No,37.0,6,6,78.0,110500.0
1124,Employee_124,Web,Bachelor,Pune,No,25.0,0,3,61.0,68800.0
1125,Employee_125,Web,Bachelor,Mumbai,Yes,25.0,0,2,60.0,76400.0
1126,Employee_126,Web,Bachelor,Mumbai,Yes,23.0,0,0,60.0,59700.0
1127,Employee_127,Software,PhD,Delhi,Yes,29.0,8,8,92.0,147300.0
1128,Employee_128,AI,Bachelor,Delhi,No,33.0,4,4,86.0,116100.0
1129,Employee_129,Web,Bachelor,Pune,Yes,52.0,22,15,100.0,180000.0
1130,Employee_130,Web,Bachelor,Pune,No,41.0,14,11,95.0,180000.0
1131,Employee_131,Data,Bachelor,Pune,No,59.0,30,15,100.0,180000.0
1132,Employee_132,AI,Master,Mumbai,No,26.0,0,0,66.0,72100.0
1133,Employee_133,Cloud,Bachelor,Mumbai,No,56.0,30,15,100.0,180000.0
1134,Employee_134,Software,Master,Pune,No,60.0,30,15,100.0,180000.0
1135,Employee_135,Software,Master,Mumbai,Yes,50.0,26,15,100.0,180000.0
1136,Employee_136,Web,Bachelor,Pune,No,23.0,0,5,81.0,93500.0
1137,Employee_137,Cloud,Master,Bengaluru,No,23.0,0,3,64.0,66300.0
1138,Employee_138,AI,PhD,Mumbai,No,32.0,2,1,61.0,81800.0
1139,Employee_139,Software,Bachelor,Hyderabad,No,45.0,18,15,100.0,180000.0
1140,Employee_140,AI,Master,Delhi,Yes,51.0,20,14,100.0,180000.0
1141,Employee_141,Software,Master,Chennai,No,30.0,5,8,79.0,121500.0
1142,Employee_142,AI,Bachelor,Delhi,Yes,27.0,0,0,65.0,71200.0
1143,Employee_143,Web,Master,Mumbai,Yes,21.0,0,3,61.0,75900.0
1144,Employee_144,Data,Master,Bengaluru,No,27.0,2,0,65.0,77600.0
1145,Employee_145,AI,Bachelor,Bengaluru,No,57.0,29,15,100.0,180000.0
1146,Employee_146,Software,Bachelor,Mumbai,No,30.0,6,5,75.0,110000.0
1147,Employee_147,AI,Bachelor,Delhi,Yes,45.0,21,14,100.0,180000.0
1148,Employee_148,Web,Bachelor,Hyderabad,No,25.0,0,3,66.0,56600.0
1149,Employee_149,Web,Bachelor,Chennai,Yes,59.0,28,15,100.0,180000.0
1150,Employee_150,Web,Bachelor,Pune,No,43.0,14,10,100.0,172500.0
1151,Employee_151,Software,Bachelor,Hyderabad,Yes,44.0,13,10,93.0,167900.0
1152,Employee_152,Data,Bachelor,Pune,Yes,40.0,14,12,98.0,180000.0
1153,Employee_153,Web,Bachelor,Mumbai,Yes,33.0,3,7,56.0,100700.0
1154,Employee_154,Software,Master,Pune,Yes,47.0,16,12,96.0,177200.0
1155,Employee_155,Data,Bachelor,Delhi,Yes,25.0,3,3,72.0,91200.0
1156,Employee_156,Cloud,Bachelor,Bengaluru,No,58.0,28,15,100.0,180000.0
1157,Employee_157,Web,Bachelor,Hyderabad,Yes,55.0,30,15,100.0,180000.0
1158,Employee_158,Data,Bachelor,Bengaluru,No,45.0,22,15,100.0,180000.0
1159,Employee_159,AI,Bachelor,Pune,Yes,60.0,30,15,100.0,180000.0
1160,Employee_160,Data,Bachelor,Chennai,Yes,44.0,16,15,100.0,180000.0
1161,Employee_161,Web,Bachelor,Bengaluru,Yes,42.0,13,11,90.0,179700.0
1162,Employee_162,AI,Master,Bengaluru,No,50.0,26,15,100.0,180000.0
1163,Employee_163,AI,Bachelor,Bengaluru,Yes,53.0,25,15,100.0,180000.0
1164,Employee_164,AI,Bachelor,Pune,Yes,33.0,8,6,78.0,122900.0
1165,Employee_165,Web,Master,Chennai,Yes,59.0,30,15,100.0,180000.0
1166,Employee_166,Web,Master,Hyderabad,No,34.0,6,8,84.0,132500.0
1167,Employee_167,AI,Master,Delhi,No,23.0,0,0,58.0,72000.0
1168,Employee_168,Cloud,Master,Pune,Yes,49.0,23,15,100.0,180000.0
1169,Employee_169,Cloud,PhD,Pune,No,60.0,30,15,100.0,180000.0
1170,Employee_170,Software,Bachelor,Pune,No,35.0,7,5,86.0,119400.0
1171,Employee_171,AI,Bachelor,Hyderabad,Yes,46.0,16,14,87.0,180000.0
1172,Employee_172,Cloud,Bachelor,Hyderabad,No,36.0,7,7,78.0,125300.0
1173,Employee_173,Web,Bachelor,Delhi,Yes,43.0,17,15,100.0,180000.0
1174,Employee_174,Software,Bachelor,Chennai,No,35.0,12,10,83.0,145400.0
1175,Employee_175,AI,Bachelor,Chennai,Yes,37.0,6,4,84.0,112100.0
1176,Employee_176,Web,Bachelor,Hyderabad,No,42.0,12,10,100.0,170600.0
1177,Employee_177,Web,Master,Hyderabad,Yes,35.0,9,9,85.0,140400.0
1178,Employee_178,Web,Master,Delhi,No,33.0,9,10,83.0,145800.0
1179,Employee_179,Web,Bachelor,Delhi,No,36.0,8,7,87.0,134500.0
1180,Employee_180,Web,Master,Mumbai,No,58.0,30,15,100.0,180000.0
1181,Employee_181,Web,Master,Mumbai,Yes,42.0,21,15,100.0,180000.0
1182,Employee_182,AI,Bachelor,Mumbai,No,42.0,20,15,91.0,180000.0
1183,Employee_183,Data,Bachelor,Hyderabad,No,59.0,30,15,100.0,180000.0
1184,Employee_184,Software,Master,Chennai,Yes,40.0,16,11,90.0,169900.0
1185,Employee_185,Software,Bachelor,Mumbai,No,56.0,30,15,100.0,180000.0
1186,Employee_186,AI,Bachelor,Delhi,No,26.0,0,2,60.0,58800.0
1187,Employee_187,Web,Master,Bengaluru,No,21.0,0,2,59.0,69100.0
1188,Employee_188,Cloud,Master,Bengaluru,Yes,45.0,19,14,100.0,180000.0
1189,Employee_189,Software,Bachelor,Pune,No,25.0,0,1,67.0,82800.0
1190,Employee_190,AI,Master,Bengaluru,No,40.0,15,11,86.0,177100.0
1191,Employee_191,Software,Master,Hyderabad,Yes,54.0,26,15,100.0,180000.0
1192,Employee_192,Web,Bachelor,Bengaluru,No,53.0,25,15,100.0,180000.0
1193,Employee_193,Web,Bachelor,Bengaluru,Yes,26.0,0,1,65.0,73900.0
1194,Employee_194,AI,Master,Mumbai,Yes,29.0,8,6,73.0,136700.0
1195,Employee_195,Data,Bachelor,Chennai,No,48.0,21,15,100.0,180000.0
1196,Employee_196,Cloud,Bachelor,Mumbai,Yes,27.0,6,6,90.0,127200.0
1197,Employee_197,Web,Bachelor,Delhi,No,24.0,0,4,71.0,66100.0
1198,Employee_198,Data,PhD,Chennai,Yes,21.0,0,0,67.0,71500.0
1199,Employee_199,Cloud,Bachelor,Bengaluru,No,48.0,22,15,100.0,180000.0
1200,Employee_200,AI,Master,Delhi,No,60.0,30,15,100.0,180000.0
1201,Employee_201,,Master,Mumbai,Yes,23.0,0,3,54.0,72800.0
1202,Employee_202,Cloud,Bachelor,Hyderabad,No,54.0,23,15,100.0,180000.0
1203,Employee_203,AI,Master,Bengaluru,Yes,39.0,14,13,95.0,175000.0
1204,Employee_204,AI,Bachelor,Hyderabad,No,56.0,30,15,100.0,180000.0
1205,Employee_205,Cloud,Bachelor,Pune,Yes,39.0,11,11,81.0,159100.0
1206,Employee_206,Web,Bachelor,Hyderabad,Yes,29.0,2,1,64.0,73200.0
1207,Employee_207,AI,Master,Mumbai,Yes,30.0,6,8,79.0,124500.0
1208,Employee_208,Cloud,Master,Bengaluru,Yes,23.0,0,5,59.0,72600.0
1209,Employee_209,Cloud,Master,Hyderabad,Yes,30.0,5,7,84.0,111500.0
1210,Employee_210,AI,Bachelor,Pune,Yes,59.0,30,15,100.0,180000.0
1211,Employee_211,Data,Master,Hyderabad,No,40.0,12,8,90.0,155000.0
1212,Employee_212,Software,Bachelor,Pune,No,54.0,30,15,100.0,180000.0
1213,Employee_213,Data,Bachelor,Pune,Yes,56.0,29,15,100.0,180000.0
1214,Employee_214,Software,Master,Delhi,No,50.0,21,15,100.0,180000.0
1215,Employee_215,Web,Bachelor,Mumbai,Yes,32.0,7,6,73.0,124400.0
1216,Employee_216,Software,Master,Hyderabad,No,42.0,15,15,89.0,180000.0
1217,Employee_217,AI,Bachelor,Chennai,Yes,43.0,21,15,100.0,180000.0
1218,Employee_218,Software,Bachelor,Delhi,Yes,47.0,26,15,100.0,180000.0
1219,Employee_219,AI,Master,Mumbai,Yes,25.0,0,4,65.0,84000.0
1220,Employee_220,Web,Bachelor,Hyderabad,Yes,51.0,24,15,100.0,180000.0
1221,Employee_221,AI,Master,Delhi,Yes,29.0,4,3,75.0,100800.0
1222,Employee_222,Web,PhD,Hyderabad,No,42.0,15,12,96.0,180000.0
1223,Employee_223,Data,Master,Delhi,Yes,60.0,30,15,100.0,180000.0
1224,Employee_224,Data,Master,Delhi,Yes,49.0,22,15,100.0,180000.0
1225,Employee_225,Data,PhD,Pune,Yes,54.0,28,15,100.0,180000.0
1226,Employee_226,Web,Master,Chennai,Yes,28.0,7,8,77.0,120300.0
1227,Employee_227,AI,Master,Bengaluru,No,33.0,10,7,96.0,159800.0
1228,Employee_228,Web,,Pune,Yes,43.0,19,15,100.0,180000.0
1229,Employee_229,Data,Bachelor,Bengaluru,Yes,42.0,20,15,100.0,180000.0
1230,Employee_230,AI,Bachelor,Pune,Yes,49.0,28,15,100.0,180000.0
1231,Employee_231,AI,Bachelor,Delhi,Yes,52.0,25,15,100.0,180000.0
1232,Employee_232,Web,PhD,Pune,Yes,27.0,0,0,60.0,65500.0
1233,Employee_233,Data,,Bengaluru,No,56.0,29,15,100.0,180000.0
1234,Employee_234,Web,Bachelor,Pune,No,32.0,3,3,60.0,
1235,Employee_235,Software,Bachelor,Hyderabad,No,45.0,21,15,100.0,180000.0
1236,Employee_236,,Master,Hyderabad,No,22.0,0,3,56.0,65200.0
1237,Employee_237,AI,Master,Hyderabad,Yes,36.0,7,8,79.0,134100.0
1238,Employee_238,Data,Bachelor,Mumbai,Yes,54.0,27,15,100.0,180000.0
1239,Employee_239,Data,Bachelor,Chennai,Yes,25.0,4,6,71.0,98400.0
1240,Employee_240,Cloud,Bachelor,Mumbai,Yes,30.0,9,7,88.0,142100.0
1241,Employee_241,Software,Master,Chennai,Yes,30.0,9,8,81.0,145900.0
1242,Employee_242,Software,Master,Bengaluru,No,39.0,11,10,100.0,160700.0
1243,Employee_243,Data,Master,Chennai,Yes,58.0,30,15,100.0,180000.0
1244,Employee_244,Software,Bachelor,Hyderabad,Yes,50.0,26,15,100.0,180000.0
1245,Employee_245,Cloud,Bachelor,Hyderabad,Yes,37.0,16,11,95.0,180000.0
1246,Employee_246,AI,PhD,Bengaluru,Yes,23.0,0,1,65.0,80200.0
1247,Employee_247,Software,Bachelor,Mumbai,No,53.0,26,15,100.0,180000.0
1248,Employee_248,Web,Bachelor,Bengaluru,No,24.0,0,3,70.0,81200.0
1249,Employee_249,Web,Master,Bengaluru,Yes,46.0,19,15,100.0,180000.0
1250,Employee_250,AI,Bachelor,Mumbai,No,48.0,21,15,100.0,180000.0
1251,Employee_251,AI,Master,Hyderabad,Yes,46.0,24,15,100.0,180000.0
1252,Employee_252,Web,Bachelor,Delhi,No,49.0,20,15,96.0,
1253,Employee_253,AI,Bachelor,Chennai,Yes,35.0,12,12,87.0,165500.0
1254,Employee_254,AI,Master,Chennai,No,43.0,20,15,100.0,180000.0
1255,Employee_255,Data,Bachelor,Delhi,Yes,38.0,14,10,100.0,158800.0
1256,Employee_256,Web,Master,Hyderabad,Yes,22.0,1,3,56.0,79700.0
1257,Employee_257,Web,Master,Hyderabad,No,59.0,30,15,100.0,180000.0
1258,Employee_258,Cloud,Bachelor,Bengaluru,Yes,40.0,14,11,100.0,180000.0
1259,Employee_259,Web,Bachelor,Pune,Yes,55.0,29,15,100.0,180000.0
1260,Employee_260,Data,Master,Mumbai,No,60.0,30,15,100.0,180000.0
1261,Employee_261,Cloud,PhD,Bengaluru,No,28.0,6,2,76.0,101500.0
1262,Employee_262,Web,PhD,Mumbai,No,43.0,19,15,100.0,180000.0
1263,Employee_263,Web,Bachelor,Delhi,No,59.0,30,15,100.0,180000.0
1264,Employee_264,Software,Bachelor,Bengaluru,No,24.0,0,1,53.0,67100.0
1265,Employee_265,,PhD,Chennai,Yes,47.0,19,15,100.0,180000.0
1266,Employee_266,Software,Bachelor,Pune,Yes,41.0,17,12,99.0,180000.0
1267,Employee_267,Cloud,Master,Mumbai,No,47.0,23,15,100.0,180000.0
1268,Employee_268,Web,Bachelor,Pune,Yes,42.0,20,14,100.0,180000.0
1269,Employee_269,Software,Master,Bengaluru,No,48.0,23,15,100.0,180000.0
1270,Employee_270,AI,Bachelor,Bengaluru,No,48.0,20,15,100.0,180000.0
1271,Employee_271,AI,Master,Delhi,No,30.0,6,5,67.0,109400.0
1272,Employee_272,Web,Master,Mumbai,No,45.0,18,13,100.0,180000.0
1273,Employee_273,Software,Bachelor,Mumbai,No,24.0,0,3,60.0,63800.0
1274,Employee_274,AI,Bachelor,Pune,No,45.0,18,15,96.0,180000.0
1275,Employee_275,Cloud,,Delhi,No,53.0,22,15,100.0,180000.0
1276,Employee_276,AI,Bachelor,Bengaluru,Yes,45.0,20,14,98.0,180000.0
1277,Employee_277,Data,Master,Chennai,Yes,60.0,30,15,100.0,180000.0
1278,Employee_278,Software,Bachelor,Bengaluru,No,31.0,1,0,66.0,82600.0
1279,Employee_279,Software,Bachelor,Bengaluru,No,28.0,0,4,56.0,64600.0
1280,Employee_280,Web,Bachelor,Pune,Yes,34.0,12,8,91.0,172200.0
1281,Employee_281,Web,Bachelor,Chennai,No,47.0,17,13,100.0,180000.0
1282,Employee_282,AI,Master,Mumbai,Yes,33.0,12,11,93.0,164900.0
1283,Employee_283,Web,Bachelor,Pune,Yes,44.0,18,12,100.0,180000.0
1284,Employee_284,AI,Master,Chennai,No,31.0,2,1,65.0,70600.0
1285,Employee_285,Data,Master,Hyderabad,Yes,60.0,30,15,100.0,180000.0
1286,Employee_286,Data,Bachelor,Mumbai,Yes,44.0,13,10,98.0,167800.0
1287,Employee_287,Software,Master,Bengaluru,No,35.0,5,6,61.0,112600.0
1288,Employee_288,AI,Master,Bengaluru,No,58.0,30,15,100.0,180000.0
1289,Employee_289,AI,Master,Bengaluru,No,50.0,29,15,100.0,180000.0
1290,Employee_290,Web,Bachelor,Pune,Yes,42.0,20,14,100.0,180000.0
1291,Employee_291,Cloud,Bachelor,Mumbai,No,56.0,30,15,100.0,180000.0
1292,Employee_292,Web,Bachelor,Chennai,No,31.0,4,7,82.0,94900.0
1293,Employee_293,Web,PhD,Delhi,No,55.0,28,15,100.0,180000.0
1294,Employee_294,Software,Master,Delhi,No,47.0,18,15,93.0,180000.0
1295,Employee_295,Software,Master,Pune,Yes,55.0,24,15,100.0,180000.0
1296,Employee_296,AI,Bachelor,Mumbai,No,43.0,21,13,99.0,180000.0
1297,Employee_297,AI,Bachelor,Pune,No,57.0,29,15,100.0,180000.0
1298,Employee_298,Software,Bachelor,Hyderabad,Yes,21.0,0,3,58.0,70300.0
1299,Employee_299,Data,Bachelor,Mumbai,Yes,36.0,7,8,87.0,123400.0
1300,Employee_300,AI,Bachelor,Hyderabad,Yes,29.0,0,3,68.0,72400.0
1301,Employee_301,Software,Master,Bengaluru,No,38.0,17,12,100.0,180000.0
1302,Employee_302,Cloud,Master,Chennai,No,25.0,1,1,73.0,82800.0
1303,Employee_303,Cloud,PhD,Bengaluru,Yes,40.0,18,13,98.0,180000.0
1304,Employee_304,Software,Bachelor,Pune,No,53.0,23,15,100.0,180000.0
1305,Employee_305,Data,Master,Hyderabad,Yes,56.0,30,15,100.0,180000.0
1306,Employee_306,Web,Bachelor,Mumbai,No,34.0,3,5,70.0,108700.0
1307,Employee_307,,Master,Bengaluru,No,39.0,18,15,100.0,180000.0
1308,Employee_308,Data,Bachelor,Hyderabad,Yes,57.0,30,15,100.0,180000.0
1309,Employee_309,Cloud,Master,Delhi,Yes,,18,15,100.0,180000.0
1310,Employee_310,Web,Bachelor,Chennai,Yes,31.0,4,4,66.0,104800.0
1311,Employee_311,AI,Bachelor,Mumbai,Yes,42.0,18,13,100.0,180000.0
1312,Employee_312,Web,PhD,Hyderabad,No,40.0,19,15,100.0,180000.0
1313,Employee_313,Web,Bachelor,Mumbai,Yes,22.0,0,0,56.0,66400.0
1314,Employee_314,AI,Master,Pune,Yes,39.0,12,12,85.0,162300.0
1315,Employee_315,Software,Bachelor,Delhi,Yes,24.0,0,2,73.0,72900.0
1316,Employee_316,AI,Master,Bengaluru,No,47.0,21,15,100.0,180000.0
1317,Employee_317,AI,Bachelor,Bengaluru,No,55.0,26,15,100.0,180000.0
1318,Employee_318,Web,Bachelor,Delhi,No,31.0,0,2,53.0,75500.0
1319,Employee_319,AI,Bachelor,Hyderabad,No,24.0,0,0,64.0,61100.0
1320,Employee_320,AI,Bachelor,Hyderabad,No,31.0,9,8,86.0,134900.0
1321,Employee_321,Data,Bachelor,Delhi,Yes,60.0,30,15,100.0,180000.0
1322,Employee_322,Cloud,Bachelor,Pune,No,52.0,23,15,100.0,180000.0
1323,Employee_323,Data,Master,Chennai,Yes,24.0,0,2,59.0,68300.0
1324,Employee_324,AI,Bachelor,Mumbai,No,29.0,7,3,91.0,112800.0
1325,Employee_325,Cloud,Master,Delhi,No,,30,15,100.0,180000.0
1326,Employee_326,AI,Bachelor,Bengaluru,Yes,50.0,25,15,100.0,180000.0
1327,Employee_327,Data,Master,Chennai,Yes,21.0,0,3,64.0,83700.0
1328,Employee_328,Data,Bachelor,Hyderabad,Yes,31.0,6,9,70.0,107700.0
1329,Employee_329,AI,Bachelor,Chennai,No,55.0,28,15,100.0,180000.0
1330,Employee_330,Software,Bachelor,Pune,No,21.0,0,2,67.0,85500.0
1331,Employee_331,Software,PhD,Delhi,No,38.0,12,10,85.0,162200.0
1332,Employee_332,AI,Bachelor,Bengaluru,No,35.0,8,9,77.0,134300.0
1333,Employee_333,Data,Master,Delhi,Yes,43.0,18,15,100.0,180000.0
1334,Employee_334,Cloud,Master,Hyderabad,No,30.0,7,6,71.0,119200.0
1335,Employee_335,Data,Bachelor,Mumbai,Yes,52.0,25,15,100.0,180000.0
1336,Employee_336,Web,Master,Bengaluru,No,38.0,15,12,100.0,180000.0
1337,Employee_337,Cloud,Bachelor,Hyderabad,Yes,21.0,0,3,59.0,64700.0
1338,Employee_338,Data,Master,Bengaluru,Yes,29.0,3,2,,89700.0
1339,Employee_339,Software,Bachelor,Bengaluru,No,48.0,24,15,100.0,180000.0
1340,Employee_340,Data,PhD,Hyderabad,No,44.0,17,12,99.0,180000.0
1341,Employee_341,Data,Master,Bengaluru,No,,0,0,53.0,69500.0
1342,Employee_342,Web,Bachelor,Pune,No,42.0,18,13,100.0,180000.0
1343,Employee_343,AI,Master,Hyderabad,Yes,32.0,7,5,70.0,124600.0
1344,Employee_344,Data,Bachelor,Delhi,Yes,53.0,30,15,100.0,180000.0
1345,Employee_345,Cloud,Master,Mumbai,Yes,26.0,3,8,74.0,94900.0
1346,Employee_346,Data,Bachelor,Chennai,Yes,49.0,28,15,100.0,180000.0
1347,Employee_347,Software,Bachelor,Chennai,Yes,37.0,6,7,79.0,120600.0
1348,Employee_348,AI,Master,Chennai,Yes,48.0,23,15,99.0,180000.0
1349,Employee_349,AI,Master,Chennai,Yes,47.0,22,15,100.0,180000.0
1350,Employee_350,AI,Bachelor,Mumbai,No,46.0,15,14,98.0,180000.0
1351,Employee_351,Data,Bachelor,Bengaluru,Yes,56.0,25,15,100.0,180000.0
1352,Employee_352,Software,Master,Pune,Yes,28.0,2,5,66.0,83900.0
1353,Employee_353,Data,Bachelor,Mumbai,Yes,43.0,20,15,100.0,180000.0
1354,Employee_354,Data,Bachelor,Pune,Yes,58.0,30,15,100.0,180000.0
1355,Employee_355,AI,Master,Bengaluru,No,44.0,15,14,98.0,180000.0
1356,Employee_356,AI,Master,Mumbai,No,43.0,18,12,98.0,180000.0
1357,Employee_357,Cloud,Bachelor,Hyderabad,Yes,43.0,19,15,92.0,180000.0
1358,Employee_358,Data,Master,Hyderabad,Yes,32.0,6,7,82.0,108100.0
1359,Employee_359,Data,Master,Bengaluru,No,26.0,4,3,71.0,93400.0
1360,Employee_360,AI,Bachelor,Pune,Yes,52.0,27,15,100.0,180000.0
1361,Employee_361,Data,Master,Bengaluru,Yes,58.0,30,15,100.0,180000.0
1362,Employee_362,Web,Bachelor,Mumbai,No,44.0,18,11,99.0,180000.0
1363,Employee_363,Data,PhD,Hyderabad,No,49.0,20,15,100.0,180000.0
1364,Employee_364,AI,Master,Delhi,Yes,45.0,22,14,95.0,180000.0
1365,Employee_365,Web,Bachelor,Mumbai,Yes,38.0,13,14,93.0,165000.0
1366,Employee_366,Cloud,Master,Chennai,No,40.0,9,6,100.0,138200.0
1367,Employee_367,Web,Master,Mumbai,No,25.0,0,0,63.0,69800.0
1368,Employee_368,Cloud,Master,Chennai,Yes,33.0,11,8,93.0,147700.0
1369,Employee_369,Web,Bachelor,Bengaluru,No,47.0,20,14,100.0,180000.0
1370,Employee_370,Software,PhD,Delhi,Yes,52.0,27,15,100.0,180000.0
1371,Employee_371,Cloud,Bachelor,Mumbai,No,48.0,23,14,100.0,180000.0
1372,Employee_372,Software,Master,Chennai,No,54.0,26,15,100.0,180000.0
1373,Employee_373,AI,Master,Delhi,No,36.0,9,11,85.0,164500.0
1374,Employee_374,AI,Bachelor,Pune,Yes,59.0,30,15,100.0,180000.0
1375,Employee_375,Software,Bachelor,Pune,No,43.0,20,15,100.0,180000.0
1376,Employee_376,Software,Bachelor,Bengaluru,No,48.0,26,15,100.0,180000.0
1377,Employee_377,Cloud,Master,Mumbai,Yes,53.0,30,15,100.0,180000.0
1378,Employee_378,Cloud,Bachelor,Mumbai,Yes,28.0,0,0,62.0,58800.0
1379,Employee_379,AI,Master,Mumbai,No,54.0,25,15,100.0,180000.0
1380,Employee_380,Web,Bachelor,Pune,Yes,58.0,29,15,100.0,180000.0
1381,Employee_381,Software,Bachelor,Chennai,Yes,49.0,24,15,100.0,180000.0
1382,Employee_382,Software,Bachelor,Pune,Yes,40.0,11,8,85.0,141300.0
1383,Employee_383,AI,Bachelor,Delhi,No,56.0,25,15,100.0,180000.0
1384,Employee_384,Data,Bachelor,Mumbai,Yes,29.0,0,0,68.0,64100.0
1385,Employee_385,Data,Master,Pune,Yes,23.0,0,3,62.0,77100.0
1386,Employee_386,Data,Bachelor,Bengaluru,Yes,43.0,18,15,100.0,180000.0
1387,Employee_387,Cloud,Master,Hyderabad,No,36.0,12,13,75.0,159200.0
1388,Employee_388,Data,Bachelor,Chennai,No,49.0,22,15,100.0,180000.0
1389,Employee_389,Data,Bachelor,Pune,Yes,48.0,18,11,100.0,180000.0
1390,Employee_390,Data,Bachelor,Bengaluru,Yes,54.0,30,15,100.0,180000.0
1391,Employee_391,Software,Bachelor,Delhi,No,44.0,16,12,,178100.0
1392,Employee_392,Web,Master,Mumbai,Yes,32.0,5,4,81.0,109000.0
1393,Employee_393,Web,Bachelor,Pune,Yes,48.0,22,15,100.0,180000.0
1394,Employee_394,Web,Bachelor,Chennai,No,37.0,11,9,96.0,167200.0
1395,Employee_395,Software,Bachelor,Pune,Yes,51.0,28,15,,180000.0
1396,Employee_396,AI,Master,Bengaluru,No,37.0,13,10,90.0,170100.0
1397,Employee_397,Cloud,Bachelor,Bengaluru,Yes,46.0,19,15,100.0,180000.0
1398,Employee_398,Cloud,Bachelor,Mumbai,Yes,43.0,19,15,100.0,180000.0
1399,Employee_399,Software,Bachelor,Hyderabad,Yes,35.0,10,10,77.0,147000.0
1400,Employee_400,Cloud,Bachelor,Mumbai,Yes,36.0,11,6,99.0,161900.0
1401,Employee_401,AI,Master,Delhi,Yes,56.0,30,15,100.0,180000.0
1402,Employee_402,Web,Bachelor,Hyderabad,No,32.0,3,3,69.0,70300.0
1403,Employee_403,Web,Bachelor,Mumbai,Yes,21.0,0,2,55.0,75600.0
1404,Employee_404,Data,Bachelor,Bengaluru,No,35.0,5,2,73.0,91100.0
1405,Employee_405,AI,Bachelor,Pune,Yes,43.0,15,11,93.0,180000.0
1406,Employee_406,Web,Master,Chennai,No,38.0,12,9,82.0,162900.0
1407,Employee_407,Data,Bachelor,Bengaluru,No,52.0,21,12,100.0,180000.0
1408,Employee_408,Data,Bachelor,Mumbai,No,60.0,30,15,100.0,180000.0
1409,Employee_409,AI,PhD,Hyderabad,No,37.0,14,10,91.0,176000.0
1410,Employee_410,Cloud,Bachelor,Mumbai,No,41.0,19,14,100.0,180000.0
1411,Employee_411,Software,Bachelor,Bengaluru,No,60.0,30,15,100.0,180000.0
1412,Employee_412,Cloud,Bachelor,Hyderabad,Yes,43.0,12,10,96.0,168000.0
1413,Employee_413,AI,Bachelor,Hyderabad,No,42.0,12,15,100.0,180000.0
1414,Employee_414,Software,Bachelor,Delhi,Yes,48.0,22,15,100.0,180000.0
1415,Employee_415,AI,Bachelor,Chennai,Yes,43.0,22,15,100.0,180000.0
1416,Employee_416,Web,Master,Pune,Yes,35.0,4,6,63.0,99000.0
1417,Employee_417,Data,Bachelor,Chennai,Yes,,10,6,66.0,125300.0
1418,Employee_418,AI,Master,Hyderabad,Yes,49.0,25,15,100.0,180000.0
1419,Employee_419,Web,PhD,Delhi,No,37.0,12,11,91.0,166900.0
1420,Employee_420,Software,Bachelor,Pune,No,35.0,9,11,85.0,150700.0
1421,Employee_421,Data,Bachelor,Bengaluru,No,24.0,0,3,69.0,71600.0
1422,Employee_422,Cloud,Master,Bengaluru,Yes,28.0,0,3,,73500.0
1423,Employee_423,Data,Bachelor,Bengaluru,No,60.0,29,15,100.0,180000.0
1424,Employee_424,Software,Master,Hyderabad,No,28.0,6,2,75.0,114500.0
1425,Employee_425,Web,Bachelor,Hyderabad,No,24.0,0,1,67.0,66300.0
1426,Employee_426,Data,PhD,Pune,No,28.0,0,0,65.0,70300.0
1427,Employee_427,Web,Master,Chennai,No,48.0,26,15,100.0,180000.0
1428,Employee_428,Software,Master,Chennai,No,26.0,0,3,58.0,67400.0
1429,Employee_429,Software,Master,Mumbai,No,27.0,0,2,48.0,66200.0
1430,Employee_430,Software,Bachelor,Bengaluru,Yes,41.0,16,12,100.0,180000.0
1431,Employee_431,Software,Bachelor,Bengaluru,Yes,43.0,21,15,100.0,180000.0
1432,Employee_432,AI,Bachelor,Bengaluru,No,37.0,12,14,90.0,163300.0
1433,Employee_433,Data,Bachelor,Hyderabad,No,24.0,0,2,63.0,75200.0
1434,Employee_434,Data,Bachelor,Hyderabad,No,42.0,16,11,91.0,180000.0
1435,Employee_435,Software,Bachelor,Delhi,Yes,38.0,17,15,89.0,180000.0
1436,Employee_436,Software,Bachelor,Bengaluru,Yes,29.0,6,5,81.0,110800.0
1437,Employee_437,Web,PhD,Mumbai,No,45.0,14,11,100.0,179300.0
1438,Employee_438,Software,Master,Bengaluru,No,36.0,11,11,94.0,152900.0
1439,Employee_439,Software,Bachelor,Mumbai,Yes,27.0,0,4,63.0,78400.0
1440,Employee_440,AI,Bachelor,Delhi,No,47.0,16,11,86.0,180000.0
1441,Employee_441,AI,Master,Mumbai,No,32.0,6,5,82.0,118400.0
1442,Employee_442,Software,Master,Bengaluru,Yes,36.0,11,12,84.0,157900.0
1443,Employee_443,Cloud,PhD,Mumbai,No,56.0,25,15,100.0,180000.0
1444,Employee_444,Cloud,Bachelor,Mumbai,Yes,50.0,21,15,100.0,180000.0
1445,Employee_445,Cloud,Master,Chennai,No,37.0,15,12,84.0,180000.0
1446,Employee_446,Web,Bachelor,Bengaluru,No,57.0,30,15,100.0,180000.0
1447,Employee_447,Data,Bachelor,Chennai,Yes,45.0,19,15,100.0,180000.0
1448,Employee_448,Data,Bachelor,Pune,No,26.0,0,2,66.0,83600.0
1449,Employee_449,Cloud,Master,Chennai,Yes,28.0,0,2,60.0,75100.0
1450,Employee_450,Software,PhD,Bengaluru,Yes,21.0,0,5,45.0,79400.0
1451,Employee_451,Data,Bachelor,Chennai,No,40.0,15,12,92.0,180000.0
1452,Employee_452,Web,Bachelor,Mumbai,Yes,41.0,20,15,100.0,180000.0
1453,Employee_453,Web,Bachelor,Delhi,Yes,32.0,9,9,77.0,136200.0
1454,Employee_454,Web,Bachelor,Bengaluru,Yes,35.0,7,6,84.0,118600.0
1455,Employee_455,Web,Bachelor,Hyderabad,No,58.0,30,15,100.0,180000.0
1456,Employee_456,Software,Master,Mumbai,Yes,43.0,19,15,100.0,180000.0
1457,Employee_457,AI,Master,Bengaluru,Yes,55.0,30,15,100.0,180000.0
1458,Employee_458,Software,Master,Delhi,Yes,36.0,11,11,92.0,163200.0
1459,Employee_459,AI,Master,Chennai,Yes,32.0,3,2,,87100.0
1460,Employee_460,Data,Bachelor,Hyderabad,No,53.0,30,15,100.0,180000.0
1461,Employee_461,Software,Master,Hyderabad,Yes,25.0,0,0,62.0,76800.0
1462,Employee_462,Web,Master,Pune,Yes,36.0,9,7,93.0,143400.0
1463,Employee_463,Web,Master,Hyderabad,No,60.0,30,15,100.0,180000.0
1464,Employee_464,Software,Master,Mumbai,No,35.0,12,10,88.0,159800.0
1465,Employee_465,AI,Master,Delhi,No,38.0,7,5,72.0,114600.0
1466,Employee_466,AI,Master,Pune,Yes,40.0,13,10,92.0,168900.0
1467,Employee_467,Data,Master,Pune,No,28.0,2,0,70.0,84200.0
1468,Employee_468,Web,Bachelor,Pune,No,26.0,0,0,53.0,71700.0
1469,Employee_469,Software,Master,Delhi,Yes,28.0,5,2,78.0,90000.0
1470,Employee_470,Web,Master,Chennai,No,34.0,11,11,78.0,159000.0
1471,Employee_471,AI,Master,Chennai,Yes,44.0,17,14,94.0,180000.0
1472,Employee_472,Software,Bachelor,Bengaluru,Yes,31.0,5,4,74.0,99000.0
1473,Employee_473,Web,PhD,Pune,Yes,32.0,7,4,,112100.0
1474,Employee_474,AI,Master,Bengaluru,Yes,41.0,18,11,96.0,180000.0
1475,Employee_475,Data,Bachelor,Hyderabad,No,,22,15,100.0,180000.0
1476,Employee_476,Web,Bachelor,Mumbai,No,26.0,1,0,65.0,87300.0
1477,Employee_477,Data,Bachelor,Mumbai,Yes,50.0,27,15,100.0,180000.0
1478,Employee_478,AI,Master,Delhi,Yes,23.0,0,0,56.0,59000.0
1479,Employee_479,Web,Bachelor,Hyderabad,No,39.0,11,12,80.0,163300.0
1480,Employee_480,Web,,Pune,No,48.0,21,15,100.0,180000.0
1481,Employee_481,Cloud,Master,Chennai,Yes,55.0,29,15,100.0,180000.0
1482,Employee_482,Data,Master,Mumbai,No,46.0,17,14,100.0,180000.0
1483,Employee_483,Software,Master,Mumbai,Yes,33.0,10,10,92.0,152200.0
1484,Employee_484,Cloud,Bachelor,Mumbai,No,35.0,8,11,78.0,142400.0
1485,Employee_485,AI,Bachelor,Delhi,No,24.0,1,3,72.0,69500.0
1486,Employee_486,Data,Master,Hyderabad,No,42.0,13,12,99.0,
1487,Employee_487,AI,Master,Chennai,Yes,60.0,30,15,100.0,180000.0
1488,Employee_488,Data,Master,Pune,No,34.0,7,7,70.0,129300.0
1489,Employee_489,Data,Bachelor,Pune,Yes,35.0,10,7,78.0,143500.0
1490,Employee_490,Web,Bachelor,Delhi,No,48.0,20,15,100.0,180000.0
1491,Employee_491,Cloud,Bachelor,Mumbai,No,39.0,14,13,92.0,171400.0
1492,Employee_492,AI,Bachelor,Chennai,No,58.0,27,15,100.0,180000.0
1493,Employee_493,Data,Bachelor,Chennai,Yes,55.0,24,14,100.0,180000.0
1494,Employee_494,Web,Master,Mumbai,No,60.0,30,15,100.0,180000.0
1495,Employee_495,Cloud,Bachelor,Hyderabad,Yes,55.0,26,15,100.0,180000.0
1496,Employee_496,Cloud,Bachelor,Hyderabad,No,27.0,5,7,77.0,108400.0
1497,Employee_497,AI,Master,Bengaluru,No,33.0,4,7,78.0,120600.0
1498,Employee_498,AI,Bachelor,Hyderabad,Yes,25.0,0,0,64.0,56600.0
1499,Employee_499,AI,Master,Chennai,No,47.0,16,11,94.0,177900.0
1500,Employee_500,Software,Master,Mumbai,Yes,32.0,7,8,74.0,111800.0
1501,Employee_501,,Master,Pune,Yes,29.0,0,3,58.0,74200.0
1502,Employee_502,Web,Master,Bengaluru,No,56.0,30,15,100.0,180000.0
1503,Employee_503,Software,Bachelor,Pune,No,49.0,18,14,100.0,180000.0
1504,Employee_504,,Master,Bengaluru,Yes,57.0,28,15,100.0,180000.0
1505,Employee_505,Software,Bachelor,Pune,No,36.0,13,8,85.0,166600.0
1506,Employee_506,Software,Bachelor,Mumbai,Yes,57.0,27,15,100.0,180000.0
1507,Employee_507,Web,Master,Mumbai,No,32.0,4,6,72.0,103300.0
1508,Employee_508,Data,Bachelor,Delhi,Yes,60.0,29,15,100.0,180000.0
1509,Employee_509,Software,Bachelor,Pune,No,41.0,15,12,95.0,180000.0
1510,Employee_510,Data,Master,Chennai,Yes,28.0,7,5,90.0,126400.0
1511,Employee_511,Web,Bachelor,Hyderabad,No,46.0,18,15,100.0,180000.0
1512,Employee_512,Data,Master,Pune,Yes,55.0,25,15,100.0,180000.0
1513,Employee_513,AI,Bachelor,Bengaluru,No,21.0,0,2,69.0,74700.0
1514,Employee_514,AI,Bachelor,Hyderabad,Yes,32.0,8,7,90.0,133400.0
1515,Employee_515,Cloud,PhD,Chennai,No,55.0,28,15,100.0,180000.0
1516,Employee_516,Data,Master,Chennai,Yes,46.0,17,15,94.0,180000.0
1517,Employee_517,Web,Bachelor,Chennai,No,25.0,0,0,65.0,60100.0
1518,Employee_518,Software,Bachelor,Delhi,Yes,44.0,14,11,94.0,180000.0
1519,Employee_519,Data,PhD,Mumbai,Yes,39.0,15,14,89.0,180000.0
1520,Employee_520,AI,Master,Bengaluru,No,23.0,0,0,58.0,61500.0
1521,Employee_521,Software,Master,Delhi,Yes,41.0,17,14,100.0,180000.0
1522,Employee_522,Web,Master,Hyderabad,Yes,57.0,29,15,100.0,180000.0
1523,Employee_523,AI,Master,Pune,Yes,27.0,6,5,76.0,103300.0
1524,Employee_524,,Bachelor,Chennai,Yes,50.0,22,15,96.0,180000.0
1525,Employee_525,Software,Master,Mumbai,Yes,44.0,15,9,95.0,177500.0
1526,Employee_526,Software,Master,Delhi,Yes,35.0,5,7,76.0,129500.0
1527,Employee_527,AI,Bachelor,Chennai,Yes,44.0,15,11,98.0,180000.0
1528,Employee_528,Software,Bachelor,Pune,No,59.0,30,15,100.0,180000.0
1529,Employee_529,Data,Bachelor,Bengaluru,Yes,40.0,17,15,92.0,180000.0
1530,Employee_530,Software,Master,Bengaluru,Yes,36.0,13,12,82.0,154300.0
1531,Employee_531,Web,Bachelor,Hyderabad,No,55.0,29,15,100.0,180000.0
1532,Employee_532,Web,Master,Bengaluru,Yes,21.0,0,4,51.0,78100.0
1533,Employee_533,Software,Bachelor,Mumbai,Yes,31.0,5,7,84.0,112400.0
1534,Employee_534,Cloud,Bachelor,Hyderabad,Yes,51.0,23,15,100.0,180000.0
1535,Employee_535,AI,Master,Hyderabad,Yes,32.0,10,9,79.0,140700.0
1536,Employee_536,AI,Bachelor,Pune,Yes,41.0,11,12,83.0,155900.0
1537,Employee_537,Software,PhD,Mumbai,Yes,58.0,30,15,100.0,180000.0
1538,Employee_538,Web,Bachelor,Hyderabad,Yes,56.0,30,15,100.0,180000.0
1539,Employee_539,Cloud,Master,Delhi,Yes,48.0,26,15,100.0,180000.0
1540,Employee_540,Data,Bachelor,Hyderabad,No,26.0,2,1,61.0,86000.0
1541,Employee_541,Web,Bachelor,Chennai,No,53.0,22,15,100.0,180000.0
1542,Employee_542,Data,Bachelor,Bengaluru,Yes,55.0,28,15,100.0,180000.0
1543,Employee_543,AI,Master,Pune,No,34.0,7,7,86.0,119200.0
1544,Employee_544,Web,Bachelor,Bengaluru,No,32.0,9,8,84.0,135200.0
1545,Employee_545,Web,Bachelor,Delhi,Yes,36.0,5,4,72.0,102600.0
1546,Employee_546,Cloud,Bachelor,Pune,No,36.0,7,8,77.0,135700.0
1547,Employee_547,AI,Master,Hyderabad,Yes,33.0,3,5,60.0,86200.0
1548,Employee_548,AI,Bachelor,Pune,Yes,33.0,5,6,75.0,99300.0
1549,Employee_549,AI,Master,Bengaluru,No,58.0,30,15,100.0,180000.0
1550,Employee_550,Cloud,Bachelor,Bengaluru,Yes,59.0,30,15,100.0,180000.0
1551,Employee_551,Software,Bachelor,Chennai,No,23.0,0,1,62.0,82000.0
1552,Employee_552,Software,Master,Bengaluru,Yes,23.0,0,0,65.0,69600.0
1553,Employee_553,Software,Master,Chennai,Yes,55.0,30,15,100.0,180000.0
1554,Employee_554,Software,,Delhi,Yes,24.0,1,3,74.0,88700.0
1555,Employee_555,Cloud,Bachelor,Mumbai,No,44.0,23,15,98.0,180000.0
1556,Employee_556,Data,Bachelor,Bengaluru,No,52.0,26,15,100.0,180000.0
1557,Employee_557,Data,PhD,Chennai,Yes,55.0,30,15,100.0,180000.0
1558,Employee_558,Software,Master,Hyderabad,Yes,31.0,6,3,77.0,113700.0
1559,Employee_559,Software,Bachelor,Hyderabad,Yes,44.0,21,15,100.0,180000.0
1560,Employee_560,Web,Bachelor,Mumbai,No,44.0,15,11,94.0,180000.0
1561,Employee_561,Software,Bachelor,Pune,Yes,37.0,15,13,90.0,180000.0
1562,Employee_562,Software,Master,Chennai,No,28.0,0,0,63.0,68400.0
1563,Employee_563,Software,Master,Hyderabad,Yes,21.0,0,2,69.0,71100.0
1564,Employee_564,Cloud,Bachelor,Delhi,No,58.0,30,15,100.0,180000.0
1565,Employee_565,AI,Bachelor,Hyderabad,No,39.0,14,12,92.0,166800.0
1566,Employee_566,Data,Master,Pune,Yes,45.0,17,15,97.0,180000.0
1567,Employee_567,Web,Bachelor,Bengaluru,No,39.0,8,8,77.0,159800.0
1568,Employee_568,Data,Master,Delhi,Yes,43.0,20,10,100.0,180000.0
1569,Employee_569,AI,Bachelor,Bengaluru,Yes,46.0,16,14,100.0,180000.0
1570,Employee_570,Data,Bachelor,Pune,No,47.0,26,15,100.0,180000.0
1571,Employee_571,Data,Bachelor,Delhi,No,43.0,19,15,97.0,180000.0
1572,Employee_572,Software,Master,Delhi,No,36.0,14,10,100.0,169200.0
1573,Employee_573,Software,Bachelor,Mumbai,Yes,47.0,17,13,97.0,180000.0
1574,Employee_574,Web,Bachelor,Mumbai,No,50.0,21,15,100.0,180000.0
1575,Employee_575,Web,Master,Bengaluru,Yes,34.0,4,6,70.0,120400.0
1576,Employee_576,Web,Master,Pune,No,39.0,11,8,91.0,150500.0
1577,Employee_577,Data,Bachelor,Bengaluru,Yes,,23,15,100.0,180000.0
1578,Employee_578,Cloud,Master,Pune,Yes,26.0,2,3,73.0,96400.0
1579,Employee_579,AI,Bachelor,Chennai,Yes,60.0,30,15,100.0,180000.0
1580,Employee_580,Web,Master,Mumbai,Yes,34.0,7,7,90.0,123400.0
1581,Employee_581,Software,Bachelor,Delhi,Yes,47.0,24,15,100.0,180000.0
1582,Employee_582,Software,PhD,Chennai,No,40.0,19,15,100.0,180000.0
1583,Employee_583,Software,Bachelor,Mumbai,No,27.0,4,5,72.0,101000.0
1584,Employee_584,Software,Bachelor,Hyderabad,No,47.0,22,14,100.0,180000.0
1585,Employee_585,Cloud,Bachelor,Bengaluru,Yes,43.0,20,15,100.0,180000.0
1586,Employee_586,Web,Master,Delhi,Yes,44.0,13,11,81.0,165100.0
1587,Employee_587,Web,Master,Mumbai,No,21.0,0,3,60.0,78500.0
1588,Employee_588,AI,,Chennai,Yes,34.0,8,7,82.0,143300.0
1589,Employee_589,Software,Bachelor,Hyderabad,Yes,36.0,12,7,100.0,162300.0
1590,Employee_590,Cloud,Bachelor,Pune,Yes,51.0,27,15,100.0,180000.0
1591,Employee_591,Cloud,Bachelor,Bengaluru,No,22.0,0,0,66.0,62200.0
1592,Employee_592,Web,Master,Chennai,No,27.0,2,1,68.0,86000.0
1593,Employee_593,Web,Master,Hyderabad,No,60.0,30,15,100.0,180000.0
1594,Employee_594,Cloud,Master,Pune,No,34.0,5,6,74.0,123400.0
1595,Employee_595,Software,Master,Delhi,No,30.0,0,1,64.0,65900.0
1596,Employee_596,Data,Master,Delhi,Yes,52.0,28,15,100.0,180000.0
1597,Employee_597,Software,Master,Mumbai,Yes,27.0,0,3,69.0,90000.0
1598,Employee_598,Software,Bachelor,Hyderabad,Yes,46.0,15,12,95.0,180000.0
1599,Employee_599,Web,Bachelor,Mumbai,Yes,40.0,14,10,88.0,174100.0
1600,Employee_600,Data,Master,Chennai,Yes,40.0,11,9,87.0,148400.0
1601,Employee_601,Web,Master,Bengaluru,Yes,60.0,30,15,100.0,180000.0
1602,Employee_602,Web,Bachelor,Bengaluru,No,35.0,12,12,86.0,160900.0
1603,Employee_603,AI,Bachelor,Delhi,Yes,40.0,17,11,90.0,180000.0
1604,Employee_604,AI,Master,Chennai,No,34.0,12,11,86.0,166600.0
1605,Employee_605,Web,Master,Pune,Yes,40.0,12,8,82.0,153800.0
1606,Employee_606,Web,Bachelor,Mumbai,No,37.0,8,6,82.0,138000.0
1607,Employee_607,Data,Bachelor,Chennai,Yes,30.0,8,6,72.0,122800.0
1608,Employee_608,Web,Bachelor,Mumbai,Yes,25.0,0,2,57.0,64700.0
1609,Employee_609,Data,Bachelor,Pune,No,58.0,28,15,100.0,180000.0
1610,Employee_610,Data,Bachelor,Hyderabad,Yes,26.0,0,4,63.0,72400.0
1611,Employee_611,Web,Master,Chennai,Yes,52.0,29,15,100.0,180000.0
1612,Employee_612,Software,Bachelor,Chennai,Yes,34.0,5,6,62.0,105000.0
1613,Employee_613,Cloud,Master,Pune,Yes,42.0,15,11,86.0,180000.0
1614,Employee_614,Software,Bachelor,Hyderabad,Yes,32.0,11,8,83.0,144500.0
1615,Employee_615,Web,Master,Bengaluru,Yes,44.0,23,15,100.0,180000.0
1616,Employee_616,Data,Master,Bengaluru,Yes,53.0,28,15,100.0,180000.0
1617,Employee_617,Software,Master,Bengaluru,Yes,34.0,8,3,80.0,123700.0
1618,Employee_618,Cloud,Master,Hyderabad,Yes,41.0,11,13,83.0,153700.0
1619,Employee_619,Cloud,Bachelor,Pune,No,41.0,15,12,93.0,180000.0
1620,Employee_620,Web,Bachelor,Bengaluru,No,24.0,0,1,66.0,65600.0
1621,Employee_621,Web,Bachelor,Bengaluru,No,36.0,11,11,75.0,139100.0
1622,Employee_622,Cloud,Bachelor,Mumbai,No,42.0,21,14,100.0,180000.0
1623,Employee_623,Software,Bachelor,Delhi,Yes,25.0,0,1,75.0,70700.0
1624,Employee_624,Web,Bachelor,Delhi,No,26.0,0,4,72.0,89400.0
1625,Employee_625,AI,Bachelor,Chennai,No,42.0,15,15,94.0,180000.0
1626,Employee_626,AI,Master,Mumbai,Yes,36.0,12,11,89.0,166500.0
1627,Employee_627,AI,Master,Delhi,No,50.0,28,15,100.0,180000.0
1628,Employee_628,Cloud,Master,Hyderabad,No,46.0,16,14,98.0,180000.0
1629,Employee_629,Data,Master,Mumbai,No,50.0,27,15,100.0,180000.0
1630,Employee_630,Data,Master,Pune,Yes,33.0,11,9,83.0,161900.0
1631,Employee_631,Web,Master,Hyderabad,Yes,50.0,23,15,100.0,180000.0
1632,Employee_632,Software,Master,Hyderabad,No,39.0,17,15,92.0,180000.0
1633,Employee_633,Cloud,Master,Delhi,Yes,39.0,10,9,95.0,148200.0
1634,Employee_634,AI,Bachelor,Delhi,No,23.0,0,0,60.0,51200.0
1635,Employee_635,Data,Master,Mumbai,Yes,60.0,30,15,100.0,180000.0
1636,Employee_636,Data,Bachelor,Bengaluru,No,53.0,30,15,100.0,180000.0
1637,Employee_637,Data,Bachelor,Delhi,No,42.0,16,15,100.0,180000.0
1638,Employee_638,AI,Bachelor,Pune,Yes,56.0,27,15,100.0,180000.0
1639,Employee_639,Data,Bachelor,Bengaluru,No,53.0,23,15,100.0,180000.0
1640,Employee_640,AI,PhD,Hyderabad,Yes,42.0,11,6,79.0,150100.0
1641,Employee_641,AI,Bachelor,Bengaluru,No,,2,3,68.0,82200.0
1642,Employee_642,Data,Master,Bengaluru,No,32.0,2,3,69.0,70600.0
1643,Employee_643,Web,Master,Delhi,No,38.0,8,7,72.0,121000.0
1644,Employee_644,Data,Bachelor,Mumbai,No,59.0,29,15,100.0,180000.0
1645,Employee_645,Data,Bachelor,Delhi,No,38.0,16,10,94.0,176200.0
1646,Employee_646,Cloud,Bachelor,Pune,Yes,33.0,4,1,71.0,107300.0
1647,Employee_647,Web,Master,Pune,Yes,21.0,0,1,57.0,54400.0
1648,Employee_648,Software,Bachelor,Chennai,Yes,29.0,8,10,75.0,142700.0
1649,Employee_649,AI,Bachelor,Hyderabad,Yes,21.0,0,4,55.0,69100.0
1650,Employee_650,Web,Bachelor,Pune,No,46.0,22,15,100.0,180000.0
1651,Employee_651,Software,Bachelor,Hyderabad,No,27.0,3,6,63.0,87200.0
1652,Employee_652,Software,Master,Pune,Yes,25.0,0,0,64.0,80100.0
1653,Employee_653,Data,Bachelor,Chennai,Yes,57.0,30,15,100.0,180000.0
1654,Employee_654,AI,Bachelor,Pune,Yes,33.0,10,11,76.0,152300.0
1655,Employee_655,AI,Bachelor,Delhi,Yes,58.0,30,15,100.0,180000.0
1656,Employee_656,Data,Master,Delhi,No,57.0,27,15,100.0,180000.0
1657,Employee_657,Web,Bachelor,Bengaluru,No,38.0,15,11,93.0,180000.0
1658,Employee_658,Cloud,Master,Bengaluru,Yes,46.0,18,12,100.0,180000.0
1659,Employee_659,Data,Master,Mumbai,Yes,23.0,0,3,62.0,64300.0
1660,Employee_660,Web,Bachelor,Hyderabad,No,54.0,27,15,100.0,180000.0
1661,Employee_661,Web,Bachelor,Bengaluru,Yes,60.0,30,15,100.0,180000.0
1662,Employee_662,Web,Bachelor,Chennai,No,57.0,30,15,100.0,180000.0
1663,Employee_663,AI,Bachelor,Pune,Yes,22.0,0,1,62.0,57600.0
1664,Employee_664,Data,Master,Mumbai,No,58.0,30,15,100.0,180000.0
1665,Employee_665,Software,Master,Chennai,Yes,54.0,30,15,100.0,180000.0
1666,Employee_666,Software,Master,Pune,Yes,39.0,18,14,100.0,180000.0
1667,Employee_667,AI,Master,Mumbai,No,41.0,14,11,93.0,180000.0
1668,Employee_668,Web,Bachelor,Bengaluru,No,29.0,8,6,87.0,138500.0
1669,Employee_669,Data,Master,Pune,No,57.0,29,15,100.0,180000.0
1670,Employee_670,AI,Bachelor,Mumbai,Yes,41.0,10,10,75.0,159100.0
1671,Employee_671,Web,Bachelor,Pune,No,31.0,5,9,82.0,123000.0
1672,Employee_672,Software,Bachelor,Hyderabad,Yes,35.0,7,5,89.0,114600.0
1673,Employee_673,Data,Bachelor,Mumbai,Yes,23.0,0,0,60.0,59100.0
1674,Employee_674,Web,Bachelor,Delhi,No,49.0,23,15,100.0,180000.0
1675,Employee_675,Web,Bachelor,Chennai,No,40.0,9,7,84.0,146900.0
1676,Employee_676,Software,Bachelor,Delhi,Yes,46.0,19,15,100.0,180000.0
1677,Employee_677,Data,Bachelor,Pune,Yes,40.0,19,15,100.0,180000.0
1678,Employee_678,Data,Master,Chennai,No,47.0,20,12,100.0,180000.0
1679,Employee_679,AI,Bachelor,Mumbai,No,42.0,13,12,92.0,179200.0
1680,Employee_680,Data,Master,Chennai,Yes,30.0,7,3,85.0,130500.0
1681,Employee_681,Software,Master,Hyderabad,Yes,50.0,21,15,100.0,180000.0
1682,Employee_682,Cloud,Master,Chennai,Yes,56.0,30,15,100.0,180000.0
1683,Employee_683,AI,Master,Chennai,No,40.0,10,9,96.0,155400.0
1684,Employee_684,Software,Bachelor,Bengaluru,Yes,42.0,19,13,92.0,180000.0
1685,Employee_685,Data,Master,Mumbai,No,48.0,23,15,100.0,180000.0
1686,Employee_686,Web,Bachelor,Delhi,Yes,26.0,3,3,63.0,83800.0
1687,Employee_687,Software,PhD,Bengaluru,Yes,39.0,9,6,69.0,117900.0
1688,Employee_688,Data,Master,Pune,Yes,58.0,30,15,100.0,180000.0
1689,Employee_689,Software,Bachelor,Delhi,Yes,35.0,11,11,92.0,167600.0
1690,Employee_690,Data,Bachelor,Pune,No,36.0,8,5,75.0,127700.0
1691,Employee_691,AI,Bachelor,Bengaluru,No,60.0,30,15,100.0,180000.0
1692,Employee_692,Software,Bachelor,Hyderabad,Yes,51.0,23,15,100.0,180000.0
1693,Employee_693,Data,Master,Chennai,Yes,49.0,22,14,100.0,180000.0
1694,Employee_694,Web,Bachelor,Hyderabad,No,31.0,0,1,61.0,75800.0
1695,Employee_695,Cloud,Bachelor,Hyderabad,Yes,38.0,9,8,78.0,118500.0
1696,Employee_696,Cloud,Bachelor,Bengaluru,No,60.0,30,15,100.0,180000.0
1697,Employee_697,AI,Master,Bengaluru,Yes,34.0,12,9,85.0,166000.0
1698,Employee_698,Data,Bachelor,Delhi,Yes,52.0,30,15,,180000.0
1699,Employee_699,,Bachelor,Delhi,Yes,54.0,23,14,100.0,180000.0
1700,Employee_700,Software,Bachelor,Chennai,No,54.0,30,15,100.0,180000.0
1701,Employee_701,Web,Master,Bengaluru,Yes,56.0,30,15,100.0,180000.0
1702,Employee_702,AI,Bachelor,Delhi,No,45.0,16,14,96.0,180000.0
1703,Employee_703,Cloud,PhD,Mumbai,Yes,37.0,11,9,86.0,153000.0
1704,Employee_704,Software,Bachelor,Chennai,No,39.0,8,8,72.0,111200.0
1705,Employee_705,Software,Master,Pune,No,34.0,7,7,83.0,124300.0
1706,Employee_706,Cloud,Bachelor,Pune,No,33.0,6,5,66.0,120400.0
1707,Employee_707,Software,PhD,Mumbai,Yes,58.0,27,15,100.0,180000.0
1708,Employee_708,Cloud,Bachelor,Hyderabad,Yes,30.0,9,5,85.0,139800.0
1709,Employee_709,Cloud,Bachelor,Delhi,No,23.0,0,0,70.0,63400.0
1710,Employee_710,Software,Master,Pune,No,47.0,18,15,98.0,180000.0
1711,Employee_711,Cloud,Bachelor,Hyderabad,Yes,53.0,29,15,100.0,180000.0
1712,Employee_712,Data,Bachelor,Pune,Yes,32.0,1,1,63.0,67600.0
1713,Employee_713,Software,Master,Chennai,Yes,25.0,0,1,61.0,70800.0
1714,Employee_714,AI,Master,Hyderabad,Yes,29.0,0,0,48.0,70000.0
1715,Employee_715,AI,Bachelor,Hyderabad,Yes,58.0,30,15,100.0,180000.0
1716,Employee_716,Software,Bachelor,Hyderabad,No,37.0,15,13,100.0,180000.0
1717,Employee_717,Software,Master,Bengaluru,Yes,21.0,0,3,73.0,70800.0
1718,Employee_718,Data,Bachelor,Mumbai,No,56.0,27,15,100.0,180000.0
1719,Employee_719,Web,Master,Mumbai,Yes,48.0,25,15,100.0,180000.0
1720,Employee_720,Cloud,Bachelor,Bengaluru,Yes,47.0,17,14,100.0,180000.0
1721,Employee_721,Software,Master,Hyderabad,No,32.0,10,7,86.0,138900.0
1722,Employee_722,AI,PhD,Pune,No,29.0,0,1,60.0,80800.0
1723,Employee_723,Software,Master,Bengaluru,Yes,27.0,0,2,65.0,81000.0
1724,Employee_724,Web,Bachelor,Mumbai,Yes,32.0,8,8,87.0,117000.0
1725,Employee_725,Software,Master,Delhi,No,38.0,7,9,71.0,123100.0
1726,Employee_726,AI,Bachelor,Delhi,Yes,42.0,15,14,99.0,180000.0
1727,Employee_727,Web,Bachelor,Chennai,Yes,24.0,0,2,77.0,92800.0
1728,Employee_728,AI,Master,Bengaluru,Yes,30.0,0,1,64.0,
1729,Employee_729,AI,Bachelor,Delhi,Yes,59.0,30,15,100.0,180000.0
1730,Employee_730,Web,PhD,Pune,No,50.0,23,15,100.0,180000.0
1731,Employee_731,Cloud,Bachelor,Chennai,Yes,21.0,0,3,65.0,72100.0
1732,Employee_732,Data,Bachelor,Chennai,Yes,22.0,0,5,60.0,65000.0
1733,Employee_733,Software,Bachelor,Pune,Yes,60.0,30,15,100.0,180000.0
1734,Employee_734,Cloud,Master,Bengaluru,Yes,59.0,30,15,100.0,180000.0
1735,Employee_735,AI,Bachelor,Pune,Yes,52.0,27,15,100.0,180000.0
1736,Employee_736,Data,PhD,Delhi,Yes,50.0,27,15,100.0,180000.0
1737,Employee_737,,Bachelor,Mumbai,No,43.0,14,12,93.0,174500.0
1738,Employee_738,Data,Master,Hyderabad,Yes,43.0,19,14,100.0,180000.0
1739,Employee_739,Web,Bachelor,Pune,Yes,34.0,6,6,75.0,108200.0
1740,Employee_740,Software,PhD,Chennai,No,39.0,16,9,100.0,180000.0
1741,Employee_741,AI,Bachelor,Mumbai,Yes,33.0,10,6,63.0,143200.0
1742,Employee_742,Software,Bachelor,Pune,Yes,37.0,12,11,92.0,167400.0
1743,Employee_743,Web,Master,Chennai,No,40.0,14,10,86.0,171100.0
1744,Employee_744,Data,Bachelor,Mumbai,Yes,57.0,30,15,100.0,180000.0
1745,Employee_745,Data,Master,Mumbai,No,38.0,9,6,88.0,131600.0
1746,Employee_746,Web,Bachelor,Chennai,No,54.0,25,15,100.0,180000.0
1747,Employee_747,Web,Bachelor,Pune,Yes,21.0,0,2,62.0,66500.0
1748,Employee_748,Data,Bachelor,Hyderabad,Yes,46.0,19,15,97.0,180000.0
1749,Employee_749,Data,Master,Chennai,No,60.0,30,15,100.0,180000.0
1750,Employee_750,Software,,Pune,Yes,55.0,28,15,100.0,
1751,Employee_751,Software,Master,Pune,Yes,60.0,30,15,100.0,180000.0
1752,Employee_752,Software,Master,Hyderabad,No,29.0,7,6,75.0,122400.0
1753,Employee_753,Data,Master,Bengaluru,Yes,25.0,0,0,56.0,56500.0
1754,Employee_754,Software,Bachelor,Pune,Yes,48.0,17,15,100.0,180000.0
1755,Employee_755,Cloud,Master,Delhi,Yes,52.0,26,15,100.0,180000.0
1756,Employee_756,Web,Bachelor,Chennai,No,31.0,8,8,80.0,142000.0
1757,Employee_757,Web,Master,Bengaluru,Yes,31.0,3,3,65.0,92100.0
1758,Employee_758,AI,PhD,Delhi,Yes,57.0,30,15,100.0,180000.0
1759,Employee_759,Web,Bachelor,Chennai,Yes,25.0,4,2,57.0,81900.0
1760,Employee_760,Data,Bachelor,Pune,Yes,39.0,11,9,97.0,158000.0
1761,Employee_761,Data,Master,Mumbai,Yes,38.0,12,11,79.0,154000.0
1762,Employee_762,Web,Master,Bengaluru,No,59.0,30,15,100.0,180000.0
1763,Employee_763,Cloud,Bachelor,Pune,No,32.0,11,10,90.0,147500.0
1764,Employee_764,Software,Bachelor,Bengaluru,Yes,42.0,12,8,100.0,152900.0
1765,Employee_765,Data,PhD,Hyderabad,No,26.0,0,2,66.0,66300.0
1766,Employee_766,Data,Bachelor,Mumbai,No,55.0,30,15,100.0,180000.0
1767,Employee_767,AI,Bachelor,Delhi,Yes,52.0,27,15,100.0,180000.0
1768,Employee_768,Data,Bachelor,Hyderabad,No,26.0,0,0,67.0,74900.0
1769,Employee_769,Data,Bachelor,Delhi,No,56.0,30,15,100.0,180000.0
1770,Employee_770,Software,Bachelor,Pune,No,41.0,13,12,80.0,167600.0
1771,Employee_771,Data,Bachelor,Bengaluru,Yes,36.0,13,9,92.0,155100.0
1772,Employee_772,Software,Bachelor,Mumbai,Yes,21.0,0,3,61.0,75600.0
1773,Employee_773,Data,Master,Mumbai,Yes,36.0,11,9,84.0,159900.0
1774,Employee_774,Data,Bachelor,Delhi,Yes,44.0,20,15,100.0,180000.0
1775,Employee_775,Data,Bachelor,Bengaluru,Yes,45.0,14,14,95.0,178500.0
1776,Employee_776,Software,Bachelor,Mumbai,Yes,29.0,3,5,68.0,89300.0
1777,Employee_777,AI,Bachelor,Pune,Yes,59.0,28,15,100.0,180000.0
1778,Employee_778,Software,Bachelor,Bengaluru,Yes,54.0,27,15,100.0,180000.0
1779,Employee_779,Web,Master,Delhi,No,37.0,14,15,90.0,160900.0
1780,Employee_780,Data,Master,Delhi,No,49.0,18,15,100.0,180000.0
1781,Employee_781,Web,Master,Pune,No,57.0,26,15,100.0,180000.0
1782,Employee_782,Web,Master,Pune,Yes,32.0,6,6,69.0,111800.0
1783,Employee_783,Web,Bachelor,Mumbai,Yes,60.0,30,15,100.0,180000.0
1784,Employee_784,Web,Bachelor,Delhi,No,55.0,24,15,100.0,180000.0
1785,Employee_785,Web,Bachelor,Mumbai,No,22.0,1,2,69.0,92200.0
1786,Employee_786,Web,Master,Delhi,Yes,24.0,0,1,57.0,68100.0
1787,Employee_787,Data,Master,Mumbai,No,59.0,30,15,100.0,180000.0
1788,Employee_788,Cloud,PhD,Mumbai,Yes,47.0,21,15,100.0,180000.0
1789,Employee_789,Data,Bachelor,Delhi,No,33.0,6,5,84.0,119000.0
1790,Employee_790,Cloud,PhD,Chennai,Yes,60.0,30,15,100.0,180000.0
1791,Employee_791,AI,Master,Hyderabad,No,55.0,25,15,100.0,180000.0
1792,Employee_792,Software,Bachelor,Hyderabad,No,33.0,8,7,85.0,136600.0
1793,Employee_793,AI,Bachelor,Hyderabad,Yes,26.0,4,6,76.0,108800.0
1794,Employee_794,Software,Master,Chennai,Yes,29.0,0,0,76.0,72400.0
1795,Employee_795,Software,Master,Pune,No,22.0,0,0,60.0,69400.0
1796,Employee_796,Software,Master,Mumbai,No,33.0,7,10,67.0,126900.0
1797,Employee_797,Web,Bachelor,Chennai,Yes,,30,15,100.0,180000.0
1798,Employee_798,AI,Bachelor,Chennai,Yes,48.0,24,15,100.0,180000.0
1799,Employee_799,Data,Bachelor,Mumbai,Yes,56.0,30,15,100.0,180000.0
1800,Employee_800,AI,Master,Delhi,Yes,60.0,30,15,100.0,180000.0
1801,Employee_801,Data,Bachelor,Hyderabad,No,42.0,18,14,97.0,180000.0
1802,Employee_802,Cloud,Master,Pune,No,23.0,0,3,66.0,62000.0
1803,Employee_803,AI,Bachelor,Bengaluru,Yes,50.0,25,15,100.0,180000.0
1804,Employee_804,Data,Bachelor,Mumbai,Yes,31.0,3,4,52.0,88100.0
1805,Employee_805,Cloud,Master,Hyderabad,Yes,34.0,8,6,66.0,124700.0
1806,Employee_806,Software,Master,Mumbai,Yes,23.0,2,1,60.0,81100.0
1807,Employee_807,Software,Bachelor,Hyderabad,Yes,47.0,25,15,100.0,180000.0
1808,Employee_808,AI,Bachelor,Delhi,No,39.0,15,12,93.0,180000.0
1809,Employee_809,Software,PhD,Delhi,No,23.0,0,0,57.0,63600.0
1810,Employee_810,Web,Bachelor,Pune,Yes,37.0,15,10,,172900.0
1811,Employee_811,Software,Master,Mumbai,No,43.0,19,15,96.0,180000.0
1812,Employee_812,Web,Master,Bengaluru,No,39.0,10,9,67.0,151100.0
1813,Employee_813,AI,Master,Bengaluru,No,23.0,0,2,46.0,64300.0
1814,Employee_814,Web,Master,Bengaluru,Yes,29.0,5,7,74.0,107400.0
1815,Employee_815,Data,Bachelor,Delhi,No,59.0,28,15,100.0,180000.0
1816,Employee_816,Software,Bachelor,Pune,No,56.0,26,15,100.0,180000.0
1817,Employee_817,Data,Bachelor,Bengaluru,Yes,23.0,0,0,64.0,71400.0
1818,Employee_818,AI,PhD,Bengaluru,Yes,52.0,25,15,100.0,180000.0
1819,Employee_819,Cloud,Bachelor,Bengaluru,Yes,26.0,0,1,60.0,70700.0
1820,Employee_820,Data,Bachelor,Mumbai,Yes,22.0,0,0,70.0,66000.0
1821,Employee_821,Web,Bachelor,Pune,No,37.0,11,9,89.0,147000.0
1822,Employee_822,AI,Master,Delhi,No,43.0,18,15,100.0,180000.0
1823,Employee_823,AI,Bachelor,Bengaluru,No,45.0,23,14,100.0,180000.0
1824,Employee_824,Software,Master,Chennai,Yes,39.0,16,10,91.0,180000.0
1825,Employee_825,AI,PhD,Chennai,No,33.0,4,1,73.0,95700.0
1826,Employee_826,Web,Bachelor,Bengaluru,No,52.0,21,15,100.0,180000.0
1827,Employee_827,AI,Master,Pune,No,42.0,16,13,85.0,180000.0
1828,Employee_828,Cloud,PhD,Chennai,Yes,34.0,9,6,88.0,134400.0
1829,Employee_829,Software,Bachelor,Chennai,No,39.0,15,7,100.0,172200.0
1830,Employee_830,AI,Master,Delhi,Yes,29.0,4,4,73.0,92100.0
1831,Employee_831,Data,Master,Hyderabad,Yes,53.0,30,15,100.0,180000.0
1832,Employee_832,Cloud,Master,Delhi,No,32.0,10,7,84.0,154800.0
1833,Employee_833,Cloud,Master,Hyderabad,Yes,55.0,30,15,100.0,180000.0
1834,Employee_834,AI,Bachelor,Hyderabad,No,26.0,2,1,53.0,89100.0
1835,Employee_835,Software,Bachelor,Mumbai,No,41.0,20,14,100.0,180000.0
1836,Employee_836,AI,Bachelor,Bengaluru,Yes,53.0,28,15,100.0,180000.0
1837,Employee_837,Web,Bachelor,Mumbai,Yes,23.0,0,0,67.0,74800.0
1838,Employee_838,Web,Bachelor,Delhi,No,27.0,0,0,65.0,61000.0
1839,Employee_839,AI,Master,Bengaluru,Yes,31.0,3,2,60.0,88100.0
1840,Employee_840,Software,Master,Bengaluru,No,58.0,30,15,100.0,180000.0
1841,Employee_841,AI,Master,Bengaluru,Yes,47.0,24,15,93.0,180000.0
1842,Employee_842,Data,Bachelor,Chennai,No,39.0,9,6,100.0,148900.0
1843,Employee_843,Software,Master,Mumbai,No,43.0,12,11,91.0,174800.0
1844,Employee_844,AI,Master,Pune,No,22.0,0,2,63.0,63100.0
1845,Employee_845,Web,Bachelor,Chennai,Yes,57.0,30,15,100.0,180000.0
1846,Employee_846,AI,Bachelor,Chennai,No,45.0,21,15,100.0,180000.0
1847,Employee_847,Web,Bachelor,Chennai,Yes,56.0,26,15,100.0,180000.0
1848,Employee_848,Data,Master,Hyderabad,No,46.0,22,12,100.0,180000.0
1849,Employee_849,Cloud,Bachelor,Chennai,No,55.0,30,15,100.0,180000.0
1850,Employee_850,Data,Bachelor,Pune,No,45.0,14,13,90.0,176400.0
1851,Employee_851,AI,Master,Chennai,No,41.0,20,15,100.0,180000.0
1852,Employee_852,Data,Bachelor,Bengaluru,Yes,59.0,30,15,100.0,180000.0
1853,Employee_853,AI,Bachelor,Hyderabad,Yes,23.0,0,0,53.0,63500.0
1854,Employee_854,Software,Bachelor,Bengaluru,Yes,35.0,8,6,83.0,132300.0
1855,Employee_855,Web,Bachelor,Chennai,Yes,24.0,3,4,61.0,94900.0
1856,Employee_856,Data,Bachelor,Bengaluru,No,43.0,16,12,91.0,179200.0
1857,Employee_857,Data,Bachelor,Bengaluru,Yes,26.0,2,8,65.0,95400.0
1858,Employee_858,Software,Master,Chennai,No,60.0,30,15,100.0,180000.0
1859,Employee_859,Data,Bachelor,Chennai,No,45.0,21,14,100.0,180000.0
1860,Employee_860,Data,Master,Pune,No,41.0,13,11,98.0,180000.0
1861,Employee_861,Software,Master,Hyderabad,Yes,36.0,13,5,91.0,163400.0
1862,Employee_862,Software,PhD,Delhi,Yes,27.0,0,6,55.0,71000.0
1863,Employee_863,AI,Bachelor,Mumbai,Yes,28.0,2,3,53.0,82500.0
1864,Employee_864,AI,Bachelor,Chennai,Yes,37.0,6,6,79.0,122300.0
1865,Employee_865,Data,Bachelor,Delhi,Yes,42.0,18,15,100.0,180000.0
1866,Employee_866,Data,Master,Hyderabad,Yes,34.0,11,9,94.0,166700.0
1867,Employee_867,Software,Master,Delhi,No,43.0,15,11,95.0,169400.0
1868,Employee_868,Data,Bachelor,Delhi,No,26.0,2,5,70.0,99600.0
1869,Employee_869,AI,Master,Pune,Yes,30.0,5,6,65.0,98900.0
1870,Employee_870,Web,Bachelor,Delhi,No,32.0,5,7,85.0,82300.0
1871,Employee_871,Web,Bachelor,Delhi,Yes,23.0,0,0,69.0,61600.0
1872,Employee_872,AI,Bachelor,Delhi,No,23.0,0,4,47.0,72900.0
1873,Employee_873,Software,Bachelor,Pune,Yes,54.0,30,15,100.0,180000.0
1874,Employee_874,Software,Master,Hyderabad,Yes,50.0,23,15,100.0,180000.0
1875,Employee_875,AI,Master,Delhi,No,36.0,14,10,87.0,180000.0
1876,Employee_876,Web,Bachelor,Pune,Yes,26.0,2,3,66.0,82100.0
1877,Employee_877,AI,Master,Pune,No,41.0,20,15,100.0,180000.0
1878,Employee_878,AI,Bachelor,Hyderabad,No,27.0,2,6,72.0,96400.0
1879,Employee_879,Web,Bachelor,Pune,Yes,47.0,20,15,100.0,180000.0
1880,Employee_880,Data,Bachelor,Bengaluru,Yes,27.0,0,2,69.0,77100.0
1881,Employee_881,Software,Bachelor,Pune,Yes,45.0,22,15,100.0,180000.0
1882,Employee_882,AI,Master,Mumbai,No,26.0,1,0,58.0,72300.0
1883,Employee_883,AI,Bachelor,Hyderabad,Yes,28.0,4,6,70.0,96000.0
1884,Employee_884,Data,Bachelor,Pune,Yes,44.0,18,14,93.0,180000.0
1885,Employee_885,Web,Bachelor,Bengaluru,Yes,59.0,30,15,100.0,180000.0
1886,Employee_886,Web,Bachelor,Chennai,No,37.0,16,11,92.0,170400.0
1887,Employee_887,Data,Bachelor,Bengaluru,Yes,34.0,6,6,,107800.0
1888,Employee_888,Web,Bachelor,Pune,No,34.0,6,5,78.0,125100.0
1889,Employee_889,Data,Bachelor,Chennai,Yes,53.0,27,15,100.0,180000.0
1890,Employee_890,AI,Master,Pune,Yes,41.0,13,11,90.0,165500.0
1891,Employee_891,Cloud,Bachelor,Bengaluru,No,35.0,7,9,79.0,120100.0
1892,Employee_892,AI,Bachelor,Pune,Yes,39.0,12,9,93.0,162600.0
1893,Employee_893,Web,Master,Hyderabad,No,41.0,13,8,86.0,160400.0
1894,Employee_894,Software,Bachelor,Mumbai,No,48.0,18,11,91.0,180000.0
1895,Employee_895,Web,Master,Hyderabad,Yes,56.0,30,15,100.0,180000.0
1896,Employee_896,Software,Master,Delhi,No,53.0,27,15,100.0,180000.0
1897,Employee_897,Data,Bachelor,Chennai,Yes,47.0,19,14,100.0,180000.0
1898,Employee_898,AI,Master,Delhi,No,42.0,20,15,100.0,180000.0
1899,Employee_899,AI,Master,Delhi,No,53.0,28,15,100.0,180000.0
1900,Employee_900,Web,Bachelor,Hyderabad,Yes,32.0,1,1,71.0,80400.0
1901,Employee_901,AI,Master,Chennai,Yes,41.0,10,10,73.0,151200.0
1902,Employee_902,Software,Bachelor,Hyderabad,Yes,23.0,0,2,70.0,70000.0
1903,Employee_903,Cloud,PhD,Chennai,Yes,32.0,3,1,61.0,82700.0
1904,Employee_904,Cloud,Bachelor,Hyderabad,Yes,48.0,26,15,100.0,180000.0
1905,Employee_905,Cloud,Master,Delhi,Yes,22.0,1,3,60.0,74400.0
1906,Employee_906,AI,Bachelor,Chennai,No,60.0,30,15,100.0,180000.0
1907,Employee_907,AI,Bachelor,Hyderabad,No,55.0,30,15,100.0,180000.0
1908,Employee_908,Data,Master,Chennai,No,59.0,30,15,100.0,180000.0
1909,Employee_909,Software,Master,Chennai,Yes,22.0,0,4,52.0,
1910,Employee_910,Data,Bachelor,Chennai,Yes,36.0,14,14,83.0,180000.0
1911,Employee_911,Cloud,Master,Delhi,Yes,31.0,1,3,62.0,85400.0
1912,Employee_912,Web,Master,Pune,Yes,50.0,21,14,100.0,180000.0
1913,Employee_913,Web,Master,Bengaluru,No,46.0,23,15,100.0,180000.0
1914,Employee_914,Data,Bachelor,Mumbai,No,45.0,21,14,100.0,180000.0
1915,Employee_915,AI,Bachelor,Mumbai,Yes,51.0,23,15,100.0,180000.0
1916,Employee_916,Data,Bachelor,Mumbai,No,40.0,15,12,90.0,178500.0
1917,Employee_917,Cloud,Master,Delhi,No,45.0,24,15,100.0,180000.0
1918,Employee_918,Software,Master,Chennai,Yes,53.0,29,15,100.0,180000.0
1919,Employee_919,Data,Bachelor,Mumbai,Yes,43.0,20,14,100.0,180000.0
1920,Employee_920,AI,Master,Hyderabad,Yes,46.0,25,15,100.0,180000.0
1921,Employee_921,Cloud,Bachelor,Delhi,Yes,60.0,30,15,100.0,180000.0
1922,Employee_922,Web,Bachelor,Hyderabad,Yes,27.0,1,0,61.0,74800.0
1923,Employee_923,Data,Bachelor,Bengaluru,No,56.0,26,15,100.0,180000.0
1924,Employee_924,Data,PhD,Bengaluru,Yes,48.0,27,15,100.0,180000.0
1925,Employee_925,AI,Bachelor,Mumbai,No,45.0,22,15,100.0,180000.0
1926,Employee_926,AI,Bachelor,Pune,No,37.0,6,6,72.0,123900.0
1927,Employee_927,AI,Master,Mumbai,Yes,22.0,0,0,67.0,70900.0
1928,Employee_928,Data,Bachelor,Chennai,Yes,38.0,14,10,93.0,177400.0
1929,Employee_929,AI,Master,Bengaluru,Yes,32.0,3,1,75.0,96600.0
1930,Employee_930,Web,Master,Bengaluru,No,58.0,27,15,100.0,180000.0
1931,Employee_931,Data,Bachelor,Mumbai,Yes,34.0,8,8,81.0,139100.0
1932,Employee_932,AI,PhD,Mumbai,Yes,59.0,28,15,100.0,180000.0
1933,Employee_933,Cloud,Master,Hyderabad,Yes,24.0,0,0,58.0,
1934,Employee_934,Web,Master,Delhi,No,39.0,16,15,98.0,180000.0
1935,Employee_935,AI,Bachelor,Delhi,Yes,28.0,7,4,87.0,138200.0
1936,Employee_936,,Bachelor,Delhi,No,27.0,4,6,81.0,112200.0
1937,Employee_937,Web,Bachelor,Delhi,No,27.0,4,4,60.0,85300.0
1938,Employee_938,Web,Bachelor,Delhi,No,34.0,13,9,100.0,164600.0
1939,Employee_939,Data,Master,Chennai,Yes,56.0,30,15,100.0,180000.0
1940,Employee_940,Web,Master,Pune,Yes,49.0,21,15,100.0,180000.0
1941,Employee_941,Data,Bachelor,Mumbai,Yes,35.0,7,7,86.0,127900.0
1942,Employee_942,AI,Bachelor,Bengaluru,No,,30,15,100.0,180000.0
1943,Employee_943,Data,Bachelor,Bengaluru,Yes,43.0,15,13,94.0,177500.0
1944,Employee_944,Web,Bachelor,Pune,No,57.0,30,15,100.0,180000.0
1945,Employee_945,AI,Bachelor,Delhi,No,32.0,3,1,72.0,81000.0
1946,Employee_946,Web,Bachelor,Pune,No,55.0,25,15,100.0,180000.0
1947,Employee_947,Software,Master,Mumbai,No,28.0,1,0,50.0,74800.0
1948,Employee_948,AI,Master,Bengaluru,No,53.0,24,15,,180000.0
1949,Employee_949,Cloud,Master,Pune,Yes,44.0,17,11,100.0,180000.0
1950,Employee_950,Software,Master,Chennai,No,38.0,17,13,89.0,180000.0
1951,Employee_951,Software,Master,Pune,No,25.0,0,1,62.0,59800.0
1952,Employee_952,Web,Master,Chennai,No,47.0,16,13,90.0,179900.0
1953,Employee_953,AI,Bachelor,Chennai,Yes,24.0,0,0,60.0,51200.0
1954,Employee_954,Web,Bachelor,Hyderabad,No,29.0,2,5,55.0,89300.0
1955,Employee_955,Data,Master,Hyderabad,Yes,46.0,18,14,98.0,180000.0
1956,Employee_956,AI,Master,Chennai,Yes,27.0,6,6,74.0,101200.0
1957,Employee_957,Cloud,Bachelor,Mumbai,Yes,59.0,30,15,100.0,180000.0
1958,Employee_958,AI,Master,Hyderabad,No,39.0,9,6,73.0,126600.0
1959,Employee_959,Data,PhD,Bengaluru,Yes,,0,0,62.0,61500.0
1960,Employee_960,Web,Master,Chennai,No,32.0,7,3,77.0,
1961,Employee_961,Web,Bachelor,Mumbai,No,32.0,9,8,87.0,134600.0
1962,Employee_962,AI,Bachelor,Chennai,Yes,41.0,17,15,100.0,180000.0
1963,Employee_963,Web,Bachelor,Chennai,No,51.0,26,15,100.0,180000.0
1964,Employee_964,Cloud,Master,Mumbai,Yes,59.0,30,15,100.0,180000.0
1965,Employee_965,Data,Bachelor,Delhi,No,21.0,0,4,66.0,
1966,Employee_966,Software,Bachelor,Chennai,Yes,24.0,3,3,64.0,86600.0
1967,Employee_967,Web,Master,Hyderabad,No,34.0,9,6,84.0,127700.0
1968,Employee_968,Cloud,,Mumbai,No,44.0,19,15,100.0,180000.0
1969,Employee_969,Cloud,PhD,Pune,Yes,23.0,1,2,57.0,71900.0
1970,Employee_970,Software,Bachelor,Bengaluru,No,33.0,10,8,98.0,146700.0
1971,Employee_971,AI,Master,Chennai,Yes,35.0,5,7,84.0,109100.0
1972,Employee_972,Cloud,Master,Chennai,Yes,44.0,15,15,94.0,180000.0
1973,Employee_973,AI,PhD,Mumbai,Yes,54.0,25,15,100.0,180000.0
1974,Employee_974,Data,Bachelor,Chennai,Yes,35.0,6,6,69.0,112600.0
1975,Employee_975,Software,Master,Delhi,No,26.0,2,6,76.0,104100.0
1976,Employee_976,Web,Bachelor,Bengaluru,Yes,48.0,24,15,100.0,180000.0
1977,Employee_977,Data,Bachelor,Chennai,No,43.0,13,13,88.0,165400.0
1978,Employee_978,Software,Bachelor,Bengaluru,Yes,21.0,0,1,58.0,69100.0
1979,Employee_979,Web,Master,Hyderabad,No,54.0,30,15,100.0,180000.0
1980,Employee_980,Software,Bachelor,Mumbai,Yes,46.0,23,15,100.0,180000.0
1981,Employee_981,Web,Bachelor,Bengaluru,No,40.0,12,10,83.0,160800.0
1982,Employee_982,AI,PhD,Pune,Yes,49.0,18,15,,180000.0
1983,Employee_983,Software,Bachelor,Chennai,Yes,24.0,0,3,51.0,67800.0
1984,Employee_984,Data,Master,Delhi,Yes,38.0,14,12,90.0,171700.0
1985,Employee_985,Web,Bachelor,Delhi,Yes,59.0,30,15,100.0,180000.0
1986,Employee_986,Cloud,Bachelor,Mumbai,Yes,29.0,0,2,62.0,63200.0
1987,Employee_987,AI,Bachelor,Bengaluru,No,55.0,27,15,100.0,180000.0
1988,Employee_988,Data,Master,Pune,No,22.0,0,2,52.0,66100.0
1989,Employee_989,AI,Master,Delhi,Yes,46.0,18,12,100.0,180000.0
1990,Employee_990,AI,Master,Chennai,No,45.0,19,14,100.0,180000.0
1991,Employee_991,Web,Bachelor,Bengaluru,Yes,30.0,9,10,91.0,147200.0
1992,Employee_992,Data,Bachelor,Bengaluru,Yes,32.0,8,4,81.0,130500.0
1993,Employee_993,Data,Bachelor,Bengaluru,No,27.0,0,2,63.0,73400.0
1994,Employee_994,Data,Master,Pune,No,21.0,0,0,66.0,69100.0
1995,Employee_995,Software,Bachelor,Chennai,Yes,24.0,0,0,73.0,77000.0
1996,Employee_996,Cloud,Master,Hyderabad,Yes,57.0,30,15,100.0,180000.0
1997,Employee_997,Web,Bachelor,Chennai,No,57.0,29,15,100.0,180000.0
1998,Employee_998,Web,Bachelor,Mumbai,No,26.0,5,6,79.0,117300.0
1999,Employee_999,Web,Bachelor,Mumbai,No,25.0,0,2,58.0,
2000,Employee_1000,Software,Master,Bengaluru,Yes,45.0,14,10,97.0,171200.0
1796,Employee_796,Software,Master,Mumbai,No,33.0,7,10,67.0,126900.0
1974,Employee_974,Data,Bachelor,Chennai,Yes,35.0,6,6,69.0,112600.0
1795,Employee_795,Software,Master,Pune,No,22.0,0,0,60.0,69400.0
1695,Employee_695,Cloud,Bachelor,Hyderabad,Yes,38.0,9,8,78.0,118500.0
1588,Employee_588,AI,,Chennai,Yes,34.0,8,7,82.0,143300.0
